scientific_name,common_name,genus,img_url
Lactuca virosa L.,Lactuca,Lactuca,https://bs.plantnet.org/image/o/df9d84f97a98e0f99249d2adc8995e90a4a01936
Pelargonium capitatum (L.) L'Hér.,Pelargonium,Pelargonium,https://bs.plantnet.org/image/o/8bfa061ad68c420272b8cca96cac7b27d3d7d8db
Pelargonium graveolens L'Hér.,,,
Cirsium arvense (L.) Scop.,Cirsium,Cirsium,https://bs.plantnet.org/image/o/f5bc914e06bf60906912a143d2ac2927b0ef1ee7
Cirsium vulgare (Savi) Ten.,Cirsium,Cirsium,https://bs.plantnet.org/image/o/5e6ecb73feae1db8e75761ec060a62ce7a612fd6
Pelargonium odoratissimum (L.) L'Hér.,Pelargonium,Pelargonium,https://bs.plantnet.org/image/o/3981e960478785fbc5d92cb89c493a2b8a0e8097
Pelargonium peltatum (L.) L'Hér.,Pelargonium,Pelargonium,https://bs.plantnet.org/image/o/95443babc75808ae382863d6d33ef7fe1bc1f1fc
Pelargonium quercifolium (L. f.) L'Hér.,,,
Pelargonium zonale (L.) L'Hér.,Pelargonium,Pelargonium,https://bs.plantnet.org/image/o/84c321b4a9d89d74dac128df3004d12ae11778eb
Mercurialis annua L.,Mercurialis,Mercurialis,https://bs.plantnet.org/image/o/b462de2734f756067019d0dbebb46fba0a0dfdc7
Phyllanthus tenellus Roxb.,Phyllanthus,Phyllanthus,https://bs.plantnet.org/image/o/8491da86cc3bdfb0d025a291b2f34acedeb60821
Hypericum perforatum L.,Hypericum,Hypericum,https://bs.plantnet.org/image/o/f3cde745f9d0371eff3ee42cc4e201c7e0cf3ec2
Egeria densa Planch.,,,
Ibicella lutea (Lindl.) Van Eselt.,Ibicella,Ibicella,https://bs.plantnet.org/image/o/30be3f18fdd3edaf9ae2bf1f9bcc684074e241ff
Tradescantia fluminensis Vell.,Tradescantia,Tradescantia,https://bs.plantnet.org/image/o/4fa99b5be37a22c90f9e985bfc5d53e0f3fc6a35
Tradescantia zebrina Heynh. ex Bosse,,,
Lamium amplexicaule L.,Lamium,Lamium,https://bs.plantnet.org/image/o/790953212af54654e3d10cf308cc7546d7c6f066
Lavandula dentata L.,Lavandula,Lavandula,https://bs.plantnet.org/image/o/5670dbe22c8d9af60fd997751949fe9d308f2e25
Striga asiatica (L.) Kuntze,Striga,Striga,https://bs.plantnet.org/image/o/37df8c67965e678b5965ed2f3b22a6807880ed05
Melilotus albus Medik.,Melilotus,Melilotus,https://bs.plantnet.org/image/o/43dfe51d3bcdd3f7723e5e8323e05242e55b0c65
Trifolium fragiferum L.,Trifolium,Trifolium,https://bs.plantnet.org/image/o/c9103d0c7204fb32419ec26185f751c0b17acc02
Asystasia gangetica (L.) T. Anderson,,,
Nymphaea nouchali Burm. f.,,,
Dryopteris aemula (Aiton) Kuntze,Dryopteris,Dryopteris,https://bs.plantnet.org/image/o/480562f52a73ca98fca91d5d424092dd305d0c75
Dryopteris affinis (Lowe) Fraser-Jenk.,,,
Dryopteris filix-mas (L.) Schott,Dryopteris,Dryopteris,https://bs.plantnet.org/image/o/9df133e18908430c881ccaa3f24e3c4291abf607
Nephrolepis cordifolia (L.) C. Presl,,,
Nephrolepis exaltata (L.) Schott,Nephrolepis,Nephrolepis,https://bs.plantnet.org/image/o/5339120d1fdd905af00fc563631a3253c47f42ae
Osmunda regalis L.,Osmunda,Osmunda,https://bs.plantnet.org/image/o/6df8f47ceef7828438a388d9d0763bc1b3f529aa
Achyranthes aspera L.,Achyranthes,Achyranthes,https://bs.plantnet.org/image/o/74e1a547f5928c99889f7a918adfbcfb26707f76
Lithodora fruticosa (L.) Griseb.,Lithodora,Lithodora,https://bs.plantnet.org/image/o/fc72bead01b59401b87debc460f783900025f2e9
Humulus lupulus L.,Humulus,Humulus,https://bs.plantnet.org/image/o/339da6c6ab6ec9e1f3a5cd23492d47feeaada2a2
Vaccaria hispanica (Mill.) Rauschert,,,
Spergularia rubra (L.) J. Presl & C. Presl,,,
Moehringia trinervia (L.) Clairv.,Moehringia,Moehringia,https://bs.plantnet.org/image/o/8ae6558b0b0ecd7a9a38bca3ee0cf04c25d95777
Calendula officinalis L.,Calendula,Calendula,https://bs.plantnet.org/image/o/e3a033c325af1a82bd9d4913f467ec32c3309591
Calendula stellata Cav.,Calendula,Calendula,https://bs.plantnet.org/image/o/730a73d3fbd529e564d2075675eab4a555d3c572
Carthamus caeruleus L.,Carthamus,Carduncellus,https://bs.plantnet.org/image/o/d9e05b0537b2a1c1764fa6eaad9ce4afba7631e5
Carthamus lanatus L.,Carthamus,Carthamus,https://bs.plantnet.org/image/o/d514497295bad865c7ad09fc9a1fd57ed94ce6c8
Cirsium monspessulanum (L.) Hill,Cirsium,Cirsium,https://bs.plantnet.org/image/o/2a210377411ec7a9d125bc4c9ae32d1e52954ae7
Helminthotheca echioides (L.) Holub,,,
Hyoseris radiata L.,Hyoseris,Hyoseris,https://bs.plantnet.org/image/o/43b843916c9ed0f5bf6e31b8330d387bd3b56ab1
Lactuca muralis (L.) Gaertn.,Lactuca,Mycelis,https://bs.plantnet.org/image/o/2dfabf13354e4999831df93c333927cafa433647
Lactuca saligna L.,Lactuca,Lactuca,https://bs.plantnet.org/image/o/bca18ed28ad260f2191f130458e3a6b9706e85df
Lactuca tenerrima Pourr.,Lactuca,Lactuca,https://bs.plantnet.org/image/o/ac283f20c94cb1f2fd4394672771233fb20fd26c
Limbarda crithmoides (L.) Dumort.,,,
Sedum acre L.,Sedum,Sedum,https://bs.plantnet.org/image/o/93cdc8feb3b8083c0c7799e5d3ca2b529dd0eab7
Sedum album L.,Sedum,Sedum,https://bs.plantnet.org/image/o/014f1bfbd858426c1ec64f652bed0ccb1c802bdc
Sedum amplexicaule DC.,,,
Sedum andegavense (DC.) Desv.,Sedum,Sedum,https://bs.plantnet.org/image/o/a8d6302a817992f18ca5492a8bf554f7f057f88e
Sedum brevifolium DC.,Sedum,Sedum,https://bs.plantnet.org/image/o/078aa9f85c99d202b29371e48bdd4ff7e9c1afbf
Sedum caeruleum L.,Sedum,Sedum,https://bs.plantnet.org/image/o/64bddcd5f179432f28fafc4383a2edc37959559e
Sedum caespitosum (Cav.) DC.,,,
Sedum cepaea L.,Sedum,Sedum,https://bs.plantnet.org/image/o/511728c4d0510377a2261f5cde4067311d31186b
Sedum dasyphyllum L.,Sedum,Sedum,https://bs.plantnet.org/image/o/b256c1aa392a0428b839ded6b75017f2c7537f6d
Sedum forsterianum Sm.,,,
Sedum hirsutum All.,Sedum,Sedum,https://bs.plantnet.org/image/o/66bd98a78a2c61f9c3a831e99c184de9b954645f
Sedum litoreum Guss.,Sedum,Sedum,https://bs.plantnet.org/image/o/fc8bff095ab597a8a6b3e9e46b8d88397bfcf4a9
Sedum multiceps Coss. & Durieu,Sedum,Sedum,https://bs.plantnet.org/image/o/bc17ed4ee98117bcae8f3be7c3ca28966e6687f0
Sedum rubens L.,Sedum,Sedum,https://bs.plantnet.org/image/o/28e55da40afffe3820d0904e2fbb62dd61c0042b
Sedum sediforme (Jacq.) Pau,,,
Alliaria petiolata (M. Bieb.) Cavara & Grande,,,
Boscia angustifolia A. Rich.,,,
Fibigia clypeata (L.) Medik.,Fibigia,Fibigia,https://bs.plantnet.org/image/o/d39d15e4c7a8dfa8e80a45496b301b8ed96844cf
Maerua angolensis DC.,Maerua,Maerua,https://bs.plantnet.org/image/o/177aa3022d5be072972fe204b0cedb6b57396e33
Acalypha virginica L.,Acalypha,Acalypha,https://bs.plantnet.org/image/o/87f220b049f9de53f1e3155604ee48b7a5821bd5
Mercurialis perennis L.,Mercurialis,Mercurialis,https://bs.plantnet.org/image/o/3518ee7847dc16ba0dba8718a4fa800513b748d9
Phyllanthus reticulatus Poir.,Phyllanthus,Phyllanthus,https://bs.plantnet.org/image/o/fd216a355a5865c21f4db99ce2bd5ba0386c9fb0
Hypericum androsaemum L.,Hypericum,Hypericum,https://bs.plantnet.org/image/o/df6a29670f139bf8f85b87a98158a53ab3babd20
Hypericum australe Ten.,Hypericum,Hypericum,https://bs.plantnet.org/image/o/15c638fedf3de81a4ec71cdcd0b846a2404d757e
Hypericum canariense L.,Hypericum,Hypericum,https://bs.plantnet.org/image/o/d494a4964bed0b428ffe9704241410b0dea283eb
Hypericum empetrifolium Willd.,Hypericum,Hypericum,https://bs.plantnet.org/image/o/d1a740d9d3808e8ce4f404b1060ca25ac7d3fdb2
Hypericum hircinum L.,Hypericum,Hypericum,https://bs.plantnet.org/image/o/ac3a1de7b7e26cad57509118539c5a45912d3546
Hypericum hirsutum L.,Hypericum,Hypericum,https://bs.plantnet.org/image/o/01ea5e2f5abce71dc15e7c9f0df1bf2d0f41357c
Hypericum humifusum L.,Hypericum,Hypericum,https://bs.plantnet.org/image/o/ec7ada581964e2a87515fd6849a83c9cd303ee16
Hypericum linariifolium Vahl,Hypericum,Hypericum,https://bs.plantnet.org/image/o/51c9ff80cbf7e30718480f2d0acbcd1ee2e97693
Hypericum montanum L.,Hypericum,Hypericum,https://bs.plantnet.org/image/o/62d42e0bc206719efa0501bdd4f82b90d64e1852
Hypericum perfoliatum L.,Hypericum,Hypericum,https://bs.plantnet.org/image/o/a62e5af3c7521ab3f8d082fef02fa67ed00499c7
Hypericum tetrapterum Fr.,Hypericum,Hypericum,https://bs.plantnet.org/image/o/3232fa11df7204b9dea7402bea77cb856b7eb1e0
Hypericum tomentosum L.,Hypericum,Hypericum,https://bs.plantnet.org/image/o/0b868d73cf972d7dcdb105919e8062d244fc7554
Lamium bifidum Cirillo,Lamium,Lamium,https://bs.plantnet.org/image/o/a1eba0999309b0e89ddc7914e08ac5e0441bfa3c
Lamium flexuosum Ten.,Lamium,Lamium,https://bs.plantnet.org/image/o/394ef17556b55bfbeb2b5c911ac4379df0623fec
Lamium garganicum L.,Lamium,Lamium,https://bs.plantnet.org/image/o/0453d08f18c61a4a378dcda05b5afd861b1d6dae
Lamium hybridum Vill.,,,
Lamium purpureum L.,Lamium,Lamium,https://bs.plantnet.org/image/o/21938e4efb9408f9f48ebdd7dbac1a1dd17c550c
Lavandula canariensis Mill.,Lavandula,Lavandula,https://bs.plantnet.org/image/o/a907dfd9cc0a6753f6cdc66b22f398ee213e8182
Lavandula minutolii Bolle,Lavandula,Lavandula,https://bs.plantnet.org/image/o/fb8792a96fcd92bd7ee7825e0a9e5632352e29e7
Lavandula multifida L.,Lavandula,Lavandula,https://bs.plantnet.org/image/o/5f51536ad697ff3cbba3bdaec3c34e88569af459
Lavandula stoechas L.,Lavandula,Lavandula,https://bs.plantnet.org/image/o/05d48b19566ca6ef12e35200fa6d7ed5dde0134a
Acacia mellifera (Vahl) Benth.,,,
Acacia seyal Delile,,,
Acacia tortilis (Forssk.) Hayne,,,
Galega officinalis L.,Galega,Galega,https://bs.plantnet.org/image/o/969e7200c327fc66f2c124758ab4fd9f1594c22c
Lupinus cosentinii Guss.,Lupinus,Lupinus,https://bs.plantnet.org/image/o/cd26a90b692a016409e3aeac6c87b60a2dc7df54
Lupinus micranthus Guss.,,,
Melilotus italicus (L.) Lam.,Melilotus,Melilotus,https://bs.plantnet.org/image/o/4ffd0e40ee5c2f9fa4b0317f82959b03a9b23acf
Melilotus sulcatus Desf.,Melilotus,Melilotus,https://bs.plantnet.org/image/o/ea1e8d0d3f56c0422c855db4e3ce016c1316a511
Trifolium angustifolium L.,Trifolium,Trifolium,https://bs.plantnet.org/image/o/2239734f96c92ea2d1bdf7bd6bbfe139729fa15a
Trifolium arvense L.,Trifolium,Trifolium,https://bs.plantnet.org/image/o/439d172fa2f89bdcd6da048c05db0a5c5e3f1565
Trifolium aureum Pollich,Trifolium,Trifolium,https://bs.plantnet.org/image/o/e51d07bd11989555b91a9fb0ce4d7ef08aa7f115
Trifolium campestre Schreb.,Trifolium,Trifolium,https://bs.plantnet.org/image/o/d7ddde129346d12c65123ecdbd08c7334c5f3f4b
Trifolium cherleri L.,Trifolium,Trifolium,https://bs.plantnet.org/image/o/d3933ab5cc0bdcee772d3d11ef1f4634ef1e5d23
Trifolium hirtum All.,Trifolium,Trifolium,https://bs.plantnet.org/image/o/e34d1c8468e9beb3112a8b22ad27be5036358845
Trifolium hybridum L.,Trifolium,Trifolium,https://bs.plantnet.org/image/o/0e5a24c82066c7b56e2a104853989f8007a4a043
Trifolium incarnatum L.,Trifolium,Trifolium,https://bs.plantnet.org/image/o/47a2cb1497ceb4e054119db38452206c5adc32db
Trifolium lappaceum L.,Trifolium,Trifolium,https://bs.plantnet.org/image/o/cb15ab66f872e209118b14f402ef37f92bc5e24f
Trifolium michelianum Savi,,,
Trifolium micranthum Viv.,Trifolium,Trifolium,https://bs.plantnet.org/image/o/cb6338a5a1c1084b66879b4a875e40b76aa02172
Trifolium montanum L.,Trifolium,Trifolium,https://bs.plantnet.org/image/o/f2e62075a1d38a06a10fe94f4452d4dfd401b5a5
Trifolium ochroleucon Huds.,Trifolium,Trifolium,https://bs.plantnet.org/image/o/7d45bb5d1fb4965b1a7d545c4df33faf0f3fa572
Trifolium pannonicum Jacq.,Trifolium,Trifolium,https://bs.plantnet.org/image/o/0f2abecd199e4dce0d78e10ec4295d116a090a9e
Trifolium patens Schreb.,Trifolium,Trifolium,https://bs.plantnet.org/image/o/c678021fa3557c685ca330d8d80382ef46359f3d
Trifolium pratense L.,Trifolium,Trifolium,https://bs.plantnet.org/image/o/2fceef9782c7469d00d12fa4deb456963a3a3530
Trifolium purpureum Loisel.,Trifolium,Trifolium,https://bs.plantnet.org/image/o/58df995cff0c3b080681f349061332fd039b2eee
Trifolium resupinatum L.,Trifolium,Trifolium,https://bs.plantnet.org/image/o/16e36b93eedd778743162913ed23a188ddd9bc96
Trifolium scabrum L.,Trifolium,Trifolium,https://bs.plantnet.org/image/o/416e33e695f8ef31f04d6252fdd82fbde9723b55
Trifolium spumosum L.,Trifolium,Trifolium,https://bs.plantnet.org/image/o/70b3fb7c8a1dd06d4c390fea4d7b29af3d7ebc5c
Trifolium squamosum L.,Trifolium,Trifolium,https://bs.plantnet.org/image/o/7b3324e7790fb360dc37604fcd91017272b2957f
Trifolium stellatum L.,Trifolium,Trifolium,https://bs.plantnet.org/image/o/4fc48d2bdbef267847633fc5d73a055ead29e1ad
Trifolium striatum L.,Trifolium,Trifolium,https://bs.plantnet.org/image/o/ae270b9fe82d10e71869d863103338722d3d2c1f
Trifolium subterraneum L.,Trifolium,Trifolium,https://bs.plantnet.org/image/o/954ae4fbe0e2cae08975ac65590f39f0d11b561a
Trifolium tomentosum L.,Trifolium,Trifolium,https://bs.plantnet.org/image/o/cc6bf1d4c54fcfb1ad90fae71cb1103d9c66b64e
Punica granatum L.,Punica,Punica,https://bs.plantnet.org/image/o/5ed5a00d6acd3ceae8dafbabe44e8340389aef7a
Alcea rosea L.,Alcea,Alcea,https://bs.plantnet.org/image/o/bd8b84d53e9f1e63d991be9459e6c5e7f909baa9
Althaea cannabina L.,Althaea,Althaea,https://bs.plantnet.org/image/o/da7484fdd3b8b9e351a58e03fd57719003b6911e
Althaea officinalis L.,Althaea,Althaea,https://bs.plantnet.org/image/o/41323c068cc3c049515f6afd5db7f87e10a2c828
Nymphaea alba L.,Nymphaea,Nymphaea,https://bs.plantnet.org/image/o/a7df1d9de863d7b0e677931f43642014c4db51ca
Hunnemannia fumariifolia Sweet,Hunnemannia,Hunnemannia,https://bs.plantnet.org/image/o/9b1ff7d15ade5cd496a59fa02649adf8b8c101e3
Papaver atlanticum (Ball) Coss.,Papaver,Papaver,https://bs.plantnet.org/image/o/615a6f14967511f0473f87356553d6785a1049f2
Papaver rupifragum Boiss. & Reut.,,,
Goniolimon tataricum (L.) Boiss.,Goniolimon,Goniolimon,https://bs.plantnet.org/image/o/cdf7b2141f1bb3820d56b38288a60ceb6f467567
Adonis aestivalis L.,Adonis,Adonis,https://bs.plantnet.org/image/o/af67b35e40e0f3abafdac6be34fe1107466a11b4
Adonis annua L.,Adonis,Adonis,https://bs.plantnet.org/image/o/d50527be65df53941c8105c200efac9ca1e70bc0
Adonis flammea Jacq.,Adonis,Adonis,https://bs.plantnet.org/image/o/1684dd95266aa4588b164e576073b5449d183c57
Adonis microcarpa DC.,Adonis,Adonis,https://bs.plantnet.org/image/o/79cb642c7f9a601b6d82190e60be0be8d42ec068
Anemone coronaria L.,Anemone,Anemone,https://bs.plantnet.org/image/o/3dc8bf67ee56df1bdda305ecab49e07c0cada055
Anemone palmata L.,Anemone,Anemone,https://bs.plantnet.org/image/o/e4995f0e28934e6a915a9c4c8804328d327d7448
Oldenlandia corymbosa L.,Oldenlandia,Oldenlandia,https://bs.plantnet.org/image/o/d92c7f0885457039cfb24b9014f6e644413edfa3
Hyoscyamus albus L.,Hyoscyamus,Hyoscyamus,https://bs.plantnet.org/image/o/87fb8d46740c4dfdeef248defc294982af5f407f
Hyoscyamus niger L.,Hyoscyamus,Hyoscyamus,https://bs.plantnet.org/image/o/f76a59ad0ae20597cadcd77a96a2bea5c04bf4e9
Daphne gnidium L.,Daphne,Daphne,https://bs.plantnet.org/image/o/4aaf11c5bf233bfa1d1c658ff9f155eb3e1a6f4f
Daphne laureola L.,Daphne,Daphne,https://bs.plantnet.org/image/o/a61fd99386e2489d9038d4ca539fcaf736775003
Daphne oleoides Schreb.,Daphne,Daphne,https://bs.plantnet.org/image/o/ace2869ee600586f58b22ed71c78553d4dfe5357
Berula erecta (Huds.) Coville,Berula,Berula,https://bs.plantnet.org/image/o/597d4d34d8a24b082e814d725acc7c3a197dfb23
Chaerophyllum temulum L.,Chaerophyllum,Chaerophyllum,https://bs.plantnet.org/image/o/9132dc9ca8252a1681f4f6eb3f619cb3123268b5
Daucus muricatus (L.) L.,Daucus,Daucus,https://bs.plantnet.org/image/o/67e9da00c3e2536fb6e335c115e3e58bc73e4a08
Meum athamanticum Jacq.,Meum,Meum,https://bs.plantnet.org/image/o/4c598280612dc1121b0d9e5aeb13771009102b53
Thapsia garganica L.,Thapsia,Thapsia,https://bs.plantnet.org/image/o/72f7e32589f9473482c562c85cfb72df8ad58e42
Thapsia villosa L.,Thapsia,Thapsia,https://bs.plantnet.org/image/o/394c830fd3ac7300763d02f73fe67a60dd677380
Centranthus calcitrapae (L.) Dufr.,,,
Fedia cornucopiae (L.) Gaertn.,,,
Pancratium canariense Ker Gawl.,Pancratium,Pancratium,https://bs.plantnet.org/image/o/5dbb49943146f68b5a94ff674db8e3e223f79d21
Pancratium maritimum L.,Pancratium,Pancratium,https://bs.plantnet.org/image/o/38046ee1063ca0ed0e0e2cd97b384a1e12f4eff2
Anthericum liliago L.,Anthericum,Anthericum,https://bs.plantnet.org/image/o/d5bd34820c13881378f3c824a407f1753f7964cc
Butomus umbellatus L.,Butomus,Butomus,https://bs.plantnet.org/image/o/3b7e2cae73ee62fe47ef03237844008e21227829
Danthonia decumbens (L.) DC.,Danthonia,Danthonia,https://bs.plantnet.org/image/o/f038d3e916d800a1a77444c608c4300249d44efc
Leersia oryzoides (L.) Sw.,Leersia,Leersia,https://bs.plantnet.org/image/o/6ab193dde0ae77e8ce93e2c10deb1dbcba2e6389
Phalaris coerulescens Desf.,Phalaris,Phalaris,https://bs.plantnet.org/image/o/59025575a8554d3210fb7f1eb19d718d98a1c77f
Oncostema elongata (Parl.) Speta,,,
Oncostema peruviana (L.) Speta,,,
Elodea canadensis Michx.,Elodea,Elodea,https://bs.plantnet.org/image/o/fb91509b035240df2a1d97da08a166af09acc61a
Neotinea maculata (Desf.) Stearn,Neotinea,Neotinea,https://bs.plantnet.org/image/o/793ca7ddb24906235eb086898bdfaf354fd3e99f
Ophrys apifera Huds.,Ophrys,Ophrys,https://bs.plantnet.org/image/o/a712bba8cf1b4d10ca61f88d6e578119ca0e9433
Ophrys bombyliflora Link,Ophrys,Ophrys,https://bs.plantnet.org/image/o/3041b8400048424007af36de248631ef30496075
Ophrys fusca Link,Ophrys,Ophrys,https://bs.plantnet.org/image/o/70b1efcec9ba06fd293151b2923328130a0d9fc7
Ophrys lutea Cav.,Ophrys,Ophrys,https://bs.plantnet.org/image/o/c225c673ad4b013c7d02aa7187f859fedad38fff
Ophrys scolopax Cav.,Ophrys,Ophrys,https://bs.plantnet.org/image/o/f4c94ab2b72bc2cb7d49aa1a94bce39bec3b7aef
Ophrys speculum Link,Ophrys,Ophrys,https://bs.plantnet.org/image/o/7579d2076d82ce9dd1c0740d4ce32b0288647a9d
Ophrys tenthredinifera Willd.,Ophrys,Ophrys,https://bs.plantnet.org/image/o/ee05064dc6f3d208ee26a915cd6c07964487809f
Groenlandia densa (L.) Fourr.,Groenlandia,Groenlandia,https://bs.plantnet.org/image/o/a501a920b6a96b23fbb411852eec25444d8647a6
Myosoton aquaticum (L.) Moench,,,
Cirsium palustre (L.) Scop.,Cirsium,Cirsium,https://bs.plantnet.org/image/o/9a4680062190b9b3be07b33b496487f422c3b3b6
Lamium galeobdolon (L.) L.,Lamium,Lamium,https://bs.plantnet.org/image/o/0acc11bd308d97d015ef562d4d6fc8651fc4dffe
Lavandula angustifolia Mill.,Lavandula,Lavandula,https://bs.plantnet.org/image/o/38221de8ec694beef6d0833c2fdf8d842d4753e2
Casuarina cunninghamiana Miq.,Casuarina,Casuarina,https://bs.plantnet.org/image/o/94436fd5b0b51d652ff66e2294b9a10b7d87df65
Trifolium rubens L.,Trifolium,Trifolium,https://bs.plantnet.org/image/o/f1c8d0a93521192576add67659c01942b0517dee
Falcaria vulgaris Bernh.,Falcaria,Falcaria,https://bs.plantnet.org/image/o/7500ca5aea794b2a37b36e7bb140fcb4ecfd06f1
Hypericum triquetrifolium Turra,Hypericum,Hypericum,https://bs.plantnet.org/image/o/125ba194b55c129683c7823ea2b2bea0b475ff67
Wigandia caracasana Kunth,,,
Nymphaea lotus L.,Nymphaea,Nymphaea,https://bs.plantnet.org/image/o/9c4edb676f32cd95a8412f90841d88e414bc938b
Sedum villosum L.,Sedum,Sedum,https://bs.plantnet.org/image/o/23bde7a55f6e44e293a65d968179531b9d5cfd7f
Epipactis helleborine (L.) Crantz,Epipactis,Epipactis,https://bs.plantnet.org/image/o/fba8ad8262cd9d25a1b8633442e599af23d37072
Thesium humifusum DC.,Thesium,Thesium,https://bs.plantnet.org/image/o/2ec44ee83d06186104c93be7ed82095510a0d4ef
Acacia etbaica Schweinf.,,,
Centranthus angustifolius (Mill.) DC.,,,
Centranthus lecoqii Jord.,,,
Sedum anglicum Huds.,Sedum,Sedum,https://bs.plantnet.org/image/o/5e2b8ff9dc529bd97693c8bf136722b963165ca2
Sedum rupestre L.,,,
Ophrys insectifera L.,Ophrys,Ophrys,https://bs.plantnet.org/image/o/426e28cd7c148c94cd04baf6e21e598a2b1b1025
Freesia refracta (Jacq.) Klatt,Freesia,Freesia,https://bs.plantnet.org/image/o/bf19fcc3330c0de81c02fc114d12a12fb2828c34
Diatelia tuberaria (L.) Demoly,,,
Tradescantia pallida (Rose) D.R. Hunt,,,
Cenchrus longispinus (Hack.) Fernald,Cenchrus,Cenchrus,https://bs.plantnet.org/image/o/673c29df794f172758eaddf5cf8e4a660a7151cc
Schefflera actinophylla (Endl.) Harms,Schefflera,Heptapleurum,https://bs.plantnet.org/image/o/34ac3db2006e55cac5e62eb77297d0aa59774de9
Cenchrus clandestinus (Hochst. ex Chiov.) Morrone,Cenchrus,Cenchrus,https://bs.plantnet.org/image/o/97f0d4ec3189f0d95f4d5c93493657e948e6c8bf
Cenchrus purpureus (Schumach.) Morrone,Cenchrus,Cenchrus,https://bs.plantnet.org/image/o/679997783e57ca15a88a43c0b54f9adef73208f5
Cenchrus setaceus (Forssk.) Morrone,Cenchrus,Cenchrus,https://bs.plantnet.org/image/o/dc0b8816aaac6caab298337815302e1c280bb1b0
Anemone hortensis L.,Anemone,Anemone,https://bs.plantnet.org/image/o/301a6870cd1badb4a4a7c7c8303328bd43bc1f77
Tradescantia cerinthoides Kunth,Tradescantia,Tradescantia,https://bs.plantnet.org/image/o/4d2259f73d19dc965411e946eb498539285f9270
Papaver argemone L.,Papaver,Roemeria,https://bs.plantnet.org/image/o/652cbfb1cd98cf41c5eb138167f6a8f2fbfb8cdc
Papaver hybridum L.,Papaver,Roemeria,https://bs.plantnet.org/image/o/a2b34ad48e2d06612a2ebe7f429cd9e0c3ec79f1
Papaver rhoeas L.,Papaver,Papaver,https://bs.plantnet.org/image/o/ce7709b4e7e0b4f420f12b065633e481201b0f42
Papaver dubium L.,Papaver,Papaver,https://bs.plantnet.org/image/o/45ec551deb01fcb77e278c79109da55d44d5a114
Papaver somniferum L.,Papaver,Papaver,https://bs.plantnet.org/image/o/8fb5af8507c07c253f41a8c8821b252f91ea1361
Daucus carota L.,Daucus,Daucus,https://bs.plantnet.org/image/o/6bf814582484fedf2dcd0902dcce3c6b0cc51087
Smilax aspera L.,Smilax,Smilax,https://bs.plantnet.org/image/o/5b411b8ec1622f4c9d92ac6738727a5990edcb89
Aizoon canariense L.,Aizoon,Aizoon,https://bs.plantnet.org/image/o/6ac477f3f8c1953974014c465db328ed17e29aef
Zannichellia palustris L.,,,
Secale cereale L.,Secale,Secale,https://bs.plantnet.org/image/o/5c39108cff368d6dcce98ba4af706ddf7987d041
Cenchrus ciliaris L.,Cenchrus,Cenchrus,https://bs.plantnet.org/image/o/10fcd534b59e4ddba6cf3ff658dc77ad56688fc1
Cenchrus echinatus L.,Cenchrus,Cenchrus,https://bs.plantnet.org/image/o/6085c6f81d5158bf2485294ecf55855803d5a527
Phalaris aquatica L.,Phalaris,Phalaris,https://bs.plantnet.org/image/o/eed51ffe8699ee5e081004c820b7836945b83a36
Phalaris arundinacea L.,Phalaris,Phalaris,https://bs.plantnet.org/image/o/041cad545a337c1a200525e2f5e482fa3975bd8d
Phalaris canariensis L.,Phalaris,Phalaris,https://bs.plantnet.org/image/o/60c5fcc5ae5be4937f9e3bfc59f81f87993c111b
Phalaris minor Retz.,Phalaris,Phalaris,https://bs.plantnet.org/image/o/c0f75b2cd851d162ae1dad6939d6862bba4ce683
Phalaris paradoxa L.,Phalaris,Phalaris,https://bs.plantnet.org/image/o/a7d2d0a8b8bcdba214996e226b0aa0d768c5f848
Sedum hispanicum L.,Sedum,Sedum,https://bs.plantnet.org/image/o/bd85e4bc5031abc95d9d9e092c9783fe8e011d05
Crotalaria juncea L.,Crotalaria,Crotalaria,https://bs.plantnet.org/image/o/a81290e499e371448efd2a3c3efa3fca1c3e1a25
Lupinus angustifolius L.,Lupinus,Lupinus,https://bs.plantnet.org/image/o/1bbd775a3db666c06f904f80fc9f7a44d4837384
Lupinus luteus L.,Lupinus,Lupinus,https://bs.plantnet.org/image/o/de87404fc7d8b091b92fcca2eba562838f053d03
Lupinus pilosus L.,Lupinus,Lupinus,https://bs.plantnet.org/image/o/17e5ed8d06a412489f1c54d27a6aabf8c285b25a
Lupinus albus L.,Lupinus,Lupinus,https://bs.plantnet.org/image/o/d881172ebcf2b3f376f30d801647b487ab4ce033
Trifolium alexandrinum L.,Trifolium,Trifolium,https://bs.plantnet.org/image/o/39394c39c4a48370697b43c8f9bdff9590c5deea
Trifolium dubium Sibth.,Trifolium,Trifolium,https://bs.plantnet.org/image/o/510fc2932c52f8a8c50634ab33e61dfcc96d23b7
Trifolium glomeratum L.,Trifolium,Trifolium,https://bs.plantnet.org/image/o/d1c289120b3ed796898548af3d0190c9fd847917
Trifolium nigrescens Viv.,Trifolium,Trifolium,https://bs.plantnet.org/image/o/022f23e01fbc1bc18d8d4b3b60f786d4c7d7adc5
Trifolium repens L.,Trifolium,Trifolium,https://bs.plantnet.org/image/o/ea56bed60879bb7056ae770df18956247f601798
Dalbergia melanoxylon Guill. & Perr.,Dalbergia,Dalbergia,https://bs.plantnet.org/image/o/a84cdfc0bc0ba7e02e1235b2cc479a8a6c2c24ef
Melilotus indicus (L.) All.,Melilotus,Melilotus,https://bs.plantnet.org/image/o/5f52313da860fa4008c526322b7b7435a839b74c
Melilotus officinalis (L.) Pall.,,,
Acacia dealbata Link,Acacia,Acacia,https://bs.plantnet.org/image/o/69b5807fec47f3d73ad538c3c2b81c75805c6eb3
Acacia longifolia (Andrews) Willd.,Acacia,Acacia,https://bs.plantnet.org/image/o/e64bb0ff1bfb7af264d969a666b9ca2624eb8f06
Acacia mearnsii De Wild.,Acacia,Acacia,https://bs.plantnet.org/image/o/d88e80644cdebd71149de52539a740dfa15fa104
Acacia pycnantha Benth.,Acacia,Acacia,https://bs.plantnet.org/image/o/40efea4119144fac3d54a36fe7732bd4ce39a023
Acacia retinodes Schltdl.,Acacia,Acacia,https://bs.plantnet.org/image/o/3b368d22eee38d3e005c5c71cf5a7bfc1ca9d31e
Barbarea verna (Mill.) Asch.,Barbarea,Barbarea,https://bs.plantnet.org/image/o/2bfd0cfe823319afa678ea39ad921fd3bd900980
Barbarea intermedia Boreau,Barbarea,Barbarea,https://bs.plantnet.org/image/o/33481681f7f6fb0ea8d7d00d6c53cf9b2c5a38b4
Myosurus minimus L.,,,
Fragaria vesca L.,Fragaria,Fragaria,https://bs.plantnet.org/image/o/7d60247e932ffec977924d0b48f1e98c5aef6ecc
Duchesnea indica (Jacks.) Focke,,,
Centranthus ruber (L.) DC.,,,
Guizotia abyssinica (L. f.) Cass.,,,
Tagetes minuta L.,Tagetes,Tagetes,https://bs.plantnet.org/image/o/ea17c8266144b78501d3f0f7c7759191975d4ce6
Tagetes patula L.,,,
Calendula arvensis (Vaill.) L.,,,
Lapsana communis L.,Lapsana,Lapsana,https://bs.plantnet.org/image/o/211ca0d9a8d714f433f1fa6644a819b085f8b9e2
Carthamus tinctorius L.,Carthamus,Carthamus,https://bs.plantnet.org/image/o/bb163d1d9d6194edce9713ebbf6e68829e27f88b
Lactuca sativa L.,Lactuca,Lactuca,https://bs.plantnet.org/image/o/760de599cade44ca803c3d4917cd093639a46240
Lactuca serriola L.,Lactuca,Lactuca,https://bs.plantnet.org/image/o/41af75a361b72b12ce492f457303e3f9d151fb74
Arthraxon hispidus (Thunb.) Makino,Arthraxon,Arthraxon,https://bs.plantnet.org/image/o/9545f6288a66a1ef175021a53dedb60162e0bd9f
Microchloa kunthii Desv.,Microchloa,Microchloa,https://bs.plantnet.org/image/o/9676c617ccfc0de2b817caa945010743f15123f4
Harpachne schimperi Hochst. ex A. Rich.,,,
Cedrela odorata L.,Cedrela,Cedrela,https://bs.plantnet.org/image/o/5c4b9c6c15cbfad6b5a06fb2b23121ef4feb17b2
Aeschynomene americana L.,Aeschynomene,Aeschynomene,https://bs.plantnet.org/image/o/3ad945ebc9c54cd480920ce831e6dd0904e65f84
Prosopis alba Griseb.,Prosopis,Prosopis,https://bs.plantnet.org/image/o/525bede6c436001090a82db6f1c0fff58612b82a
Prosopis juliflora (Sw.) DC.,Prosopis,Prosopis,https://bs.plantnet.org/image/o/92a3cfc80231dea57def12ebbc36f4726ba3b334
Crotalaria spectabilis Roth,Crotalaria,Crotalaria,https://bs.plantnet.org/image/o/17008150d5098e813372c5c40862ad5b405fded3
Crotalaria chrysochlora Baker f. ex Harms,Crotalaria,Crotalaria,https://bs.plantnet.org/image/o/eb1dc97ac48d4ddd48788fde5a7fc1bcc83ade42
Crotalaria deflersii Schweinf.,Crotalaria,Crotalaria,https://bs.plantnet.org/image/o/ec0e3a938f18781c5cb3b98317f3efa615642e26
Crotalaria polysperma Kotschy,Crotalaria,Crotalaria,https://bs.plantnet.org/image/o/f5aad7435caa1ffcd480f0b4f23e84cd770f5a1d
Crotalaria uguenensis Taub.,Crotalaria,Crotalaria,https://bs.plantnet.org/image/o/1823b66e09a710f57270fff0520ec850af435aa0
Crotalaria verrucosa L.,Crotalaria,Crotalaria,https://bs.plantnet.org/image/o/0b9078e5d2609aeb027bb747f0cf03cb4cfad655
Lupinus perennis L.,Lupinus,Lupinus,https://bs.plantnet.org/image/o/428c05229ca80986addf650c6e8c704212de6d57
Lupinus polyphyllus Lindl.,Lupinus,Lupinus,https://bs.plantnet.org/image/o/85cbdec87dc5e414b70839f691ecff10998012ec
Dalbergia latifolia Roxb.,Dalbergia,Dalbergia,https://bs.plantnet.org/image/o/99ded7cee454ac7051f794d5baecd33b2ca8fe50
Cordyla africana Lour.,,,
Acacia xanthophloea Benth.,,,
Acacia drepanolobium Harms ex Y. Sjöstedt,,,
Acacia hockii De Wild.,,,
Acacia angustissima (Mill.) Kuntze,,,
Gomphocarpus integer (N.E. Br.) Bullock,,,
Trachelospermum jasminoides (Lindl.) Lem.,Trachelospermum,Trachelospermum,https://bs.plantnet.org/image/o/27d9255732066ebd2338bf320966697b740ad085
Tradescantia spathacea Sw.,Tradescantia,Tradescantia,https://bs.plantnet.org/image/o/e7ef427dedc8571d06f101055a2ee922229585b4
Gymnosporia putterlickioides Loes.,Gymnosporia,Gymnosporia,https://bs.plantnet.org/image/o/32e882a6ce3f3becf76297cfcf293fbcc579de96
Conostomium kenyense Bremek.,,,
Conostomium quadrangulare (Rendle) Cufod.,Conostomium,Conostomium,https://bs.plantnet.org/image/o/6b9e570a5a8796579362b1050b48c17b46f1f5c0
Mussaenda frondosa L.,Mussaenda,Mussaenda,https://bs.plantnet.org/image/o/58e55bbe11031f10858f38a9473908285ce134f9
Mussaenda erythrophylla Schumach. & Thonn.,Mussaenda,Mussaenda,https://bs.plantnet.org/image/o/a91765f3f7a8ca847fb0224b45a8a2f9abe061cb
Morinda citrifolia L.,Morinda,Morinda,https://bs.plantnet.org/image/o/682a79cd2ba4b9d91326998ec862a917b7fca6d9
Pilocarpus racemosus Vahl,Pilocarpus,Pilocarpus,https://bs.plantnet.org/image/o/f7144844d8bd9ff8ed229041691e35d9397fab66
Pelargonium alchemilloides (L.) L'Hér.,,,
Pelargonium quinquelobatum Hochst. ex A. Rich.,,,
Pelargonium glechomoides A. Rich.,,,
Gynura aurantiaca (Blume) DC.,Gynura,Gynura,https://bs.plantnet.org/image/o/b1081052926c208c04d921abc23d9c4329648c02
Gynura procumbens (Lour.) Merr.,Gynura,Gynura,https://bs.plantnet.org/image/o/5a460d23b570df68b92340174173394319142049
Tagetes erecta L.,Tagetes,Tagetes,https://bs.plantnet.org/image/o/47e304014b034df0fe901341cf6184b7a85a8454
Aspilia mossambicensis (Oliv.) Wild,Aspilia,Aspilia,https://bs.plantnet.org/image/o/75f06658abc7c7538c092b2b50ff0c2ff8eacec3
Aspilia pluriseta Schweinf.,,,
Schkuhria pinnata (Lam.) Thell.,,,
Montanoa hibiscifolia Benth.,Montanoa,Montanoa,https://bs.plantnet.org/image/o/0ac2fc2da1958f75cf0fdb2ab1ffada3e50cdb20
Acalypha crenata Hochst. ex A. Rich.,,,
Acalypha hispida Burm. f.,,,
Phyllanthus fischeri Pax,Phyllanthus,Phyllanthus,https://bs.plantnet.org/image/o/390ecfd58060dcb521262bab3ae89fba5e8f1aa1
Phyllanthus suffrutescens Pax,Phyllanthus,Phyllanthus,https://bs.plantnet.org/image/o/495c619950eccfecf4b03aaf5515351157a46a5d
Phyllanthus acidus (L.) Skeels,Phyllanthus,Phyllanthus,https://bs.plantnet.org/image/o/b1423ddd84cb1e69a8b9a3c1b9fcfe26f63d3c11
Phyllanthus amarus Schumach. & Thonn.,Phyllanthus,Phyllanthus,https://bs.plantnet.org/image/o/980fc99aaf465acfabff1ba1f1b4a3cff4fdad13
Triadica sebifera (L.) Small,Triadica,Triadica,https://bs.plantnet.org/image/o/5307fee7da7501f2c7192cbeba64fec61b44772d
Petiveria alliacea L.,Petiveria,Petiveria,https://bs.plantnet.org/image/o/9685e49ebb4a22605ee183a85f7f9a04a2705899
Peperomia pellucida (L.) Kunth,Peperomia,Peperomia,https://bs.plantnet.org/image/o/bb94acb54726f692b2de921a4fb33fc6a2c47b22
Guaiacum officinale L.,Guaiacum,Guaiacum,https://bs.plantnet.org/image/o/350a51c986812ec93a9e3b02a9e5370d49359e5d
Hypericum annulatum Moris,Hypericum,Hypericum,https://bs.plantnet.org/image/o/363a33ecd2d150458f31205c2d8e5d070cad5549
Mussaenda philippica A. Rich.,,,
Wigandia urens (Ruiz & Pav.) Kunth,Wigandia,Wigandia,https://bs.plantnet.org/image/o/14cbe9d351d92e14ac9c46b67969d751c84f2d2c
Boscia mossambicensis Klotzsch,Boscia,Boscia,https://bs.plantnet.org/image/o/1d65ffdd608adb2147b59dbefec07f7b82c05f01
Boscia coriacea Pax,,,
Mecardonia procumbens (Mill.) Small,Mecardonia,Mecardonia,https://bs.plantnet.org/image/o/fe78fd4fe07a9b83b865c23dff15722df00ccec4
Browallia americana L.,Browallia,Browallia,https://bs.plantnet.org/image/o/0645724dc59dee3d8fd38f9e52889612e18f3fa0
Acacia mangium Willd.,Acacia,Acacia,https://bs.plantnet.org/image/o/897b026e23e8b195baecb9f41e30c5c187ad2f4a
Casuarina equisetifolia L.,Casuarina,Casuarina,https://bs.plantnet.org/image/o/ef3c61d06d6a65b85b8c4de8e70cddc6dfc39a34
Aristea abyssinica Pax,Aristea,Aristea,https://bs.plantnet.org/image/o/defcf11fd3b144daa855ad73fd103239b4359ac0
Aristea ecklonii Baker,Aristea,Aristea,https://bs.plantnet.org/image/o/0ad814cca2f9229099c3f9a32eff18ac32fafcd3
Erianthemum dregei (Eckl. & Zeyh.) Tiegh.,Erianthemum,Erianthemum,https://bs.plantnet.org/image/o/f7f7e515a630fdd2a51bbab3bdbd96f87837b492
Cucurbita ficifolia Bouché,Cucurbita,Cucurbita,https://bs.plantnet.org/image/o/1dea99591fe499132ff6fa0f09083e26e43ffcf9
Cucurbita pepo L.,Cucurbita,Cucurbita,https://bs.plantnet.org/image/o/2e9aa22a0ac9a23524fc0546178d8e8a1f6a0b4b
Luffa acutangula (L.) Roxb.,Luffa,Luffa,https://bs.plantnet.org/image/o/508f82d176f757f7ae0756d520a8350b6cac74f7
Lagenaria siceraria (Molina) Standl.,Lagenaria,Lagenaria,https://bs.plantnet.org/image/o/82886251d73161e4afbbcf2405433cce912e2d79
Lagenaria sphaerica (Sond.) Naudin,Lagenaria,Lagenaria,https://bs.plantnet.org/image/o/75c60da6320a04d5664de31b79534b5b91361c8a
Asystasia riparia Lindau,Asystasia,Asystasia,https://bs.plantnet.org/image/o/42865b22f1748a69136271e35190881453d4861a
Barringtonia asiatica (L.) Kurz,Barringtonia,Barringtonia,https://bs.plantnet.org/image/o/34a20ba740ee27c35e178842781f0284ffbef61b
Couroupita guianensis Aubl.,Couroupita,Couroupita,https://bs.plantnet.org/image/o/a68a67453fea1b3c7e7cdea234e7dec683e139f0
Asystasia charmian S. Moore,,,
Raphia farinifera (Gaertn.) Hyl.,Raphia,Raphia,https://bs.plantnet.org/image/o/82136d0d400a93ee2e34192e3220d843b787c07e
Zamioculcas zamiifolia (Lodd.) Engl.,,,
Kniphofia linearifolia Baker,,,
Smilax anceps Willd.,Smilax,Smilax,https://bs.plantnet.org/image/o/d05be239cb99fdab61d530840a88e527e03a34f6
Vanilla planifolia Andrews,Vanilla,Vanilla,https://bs.plantnet.org/image/o/e4914dd453b646e4a6e78acfcfc52910b6d8f26f
Ansellia africana Lindl.,Ansellia,Ansellia,https://bs.plantnet.org/image/o/133761bc37869c9f82f18f784b2644289c36c2f3
Hypericum balearicum L.,Hypericum,Hypericum,https://bs.plantnet.org/image/o/ad5a4aff99e633ef917609af123cba8013764bfd
Ophrys druentica P.Delforge & Viglione,,,
Macrosyringion longiflorum (Vohl) Rothm.,,,
Pyracantha koidzumii (Hayata) Rehder,Pyracantha,Pyracantha,https://bs.plantnet.org/image/o/ce35592b3c63607a81ca28b34a6baeb34a6c26d9
Lactuca plumieri (L.) Gren. & Godr.,,,
Aizoanthemum hispanicum (L.) H.E.K.Hartmann,,,
Phedimus aizoon (L.) 't Hart,Phedimus,Phedimus,https://bs.plantnet.org/image/o/2479a4236c8b974dc25e58c2a6caaa1462dd2215
Phedimus spurius (M.Bieb) 't Hart,,,
Nephrolepis cordifolia (L.) C.Presl,Nephrolepis,Nephrolepis,https://bs.plantnet.org/image/o/3733e46511456e54aac74f93c2ea8210c1ab5171
Cereus jamacaru DC.,Cereus,Cereus,https://bs.plantnet.org/image/o/3bea97caf324ab4cda2b7b3be681472f739ea5de
Sedum pachyphyllum Rose,Sedum,Sedum,https://bs.plantnet.org/image/o/59adee0cc0dd4ba9f97cbb86b6c39760f53e3522
Sedum dendroideum Moc. & Sessé ex DC.,Sedum,Sedum,https://bs.plantnet.org/image/o/a3bb59f2fb6fcf6df29eb7cdc28f36ac524f916e
Liriodendron chinensis (Hemsl.) Sarg.,,,
Atocion rupestre (L.) B.Oxelman,,,
Tagetes tenuifolia Cav.,Tagetes,Tagetes,https://bs.plantnet.org/image/o/41a06296fb70d582d363721417b902a79c2eea30
Aegopodium podagraria L.,Aegopodium,Aegopodium,https://bs.plantnet.org/image/o/f4b18cf197f5436972bc3f889eb1371a73e23941
Acacia melanoxylon R.Br.,Acacia,Acacia,https://bs.plantnet.org/image/o/167411edbbdaf14da7b9926dd04168081ca9c63d
Acacia saligna (Labill.) H.L.Wendl.,Acacia,Acacia,https://bs.plantnet.org/image/o/ba354c53628fb6fbe98e669816f01ed157570b88
Patzkea paniculata (L.) G.H.Loos,Patzkea,Patzkea,https://bs.plantnet.org/image/o/ac9d44801b9d7b5af57a3114fd3e366f928fea3a
Perovskia abrotanoides Kar.,,,
Ophrys occidentalis (Scappaticci) Scappaticci & M.Demange,,,
Erechtites hieraciifolius (L.) Raf. ex DC.,Erechtites,Erechtites,https://bs.plantnet.org/image/o/f047db750de6d15bdf69813e649ab35d15be4157
Cenchrus longisetus M.C.Johnst.,Cenchrus,Cenchrus,https://bs.plantnet.org/image/o/a0bc992efb8470b1f14f3a2318060417ac136542
Nothofagus obliqua (Mirb.) Oerst.,Nothofagus,Nothofagus,https://bs.plantnet.org/image/o/2c921906b5d040a5bf068dd3b677f24dc6403ca4
Calendula arvensis L.,Calendula,Calendula,https://bs.plantnet.org/image/o/7b0067f1acc6c603cdd93b9e1e395d63eca6a4a7
Carthamus carduncellus L.,Carthamus,Carduncellus,https://bs.plantnet.org/image/o/6b09c276f739c3e1b598a519ad5ed15edc5f829d
Carthamus mitissimus L.,Carthamus,Carduncellus,https://bs.plantnet.org/image/o/112cf1d046351dd382ab7b112636a9112e61c525
Chaerophyllum aureum L.,Chaerophyllum,Chaerophyllum,https://bs.plantnet.org/image/o/be7e1819e0387f520b0e7f4d27aee43d303fa9f9
Chaerophyllum hirsutum L.,Chaerophyllum,Chaerophyllum,https://bs.plantnet.org/image/o/5690dc8432c1fb82674950e9df114901fccb5128
Chaerophyllum villarsii W.D.J.Koch,Chaerophyllum,Chaerophyllum,https://bs.plantnet.org/image/o/4fd146854e71d01ac9ef5950e11ffecfee2073f4
Cirsium alsophilum (Pollini) Greuter,,,
Cirsium canum (L.) All.,Cirsium,Cirsium,https://bs.plantnet.org/image/o/c6df9756489867a85837a330950d4cf20f29f390
Cirsium dissectum (L.) Hill,Cirsium,Cirsium,https://bs.plantnet.org/image/o/2063c8680bc300874b28fc2faded2b5fba215687
Cirsium eriophorum (L.) Scop.,Cirsium,Lophiolepis,https://bs.plantnet.org/image/o/df96890486909a5c4f3a6c6a05209c826b72f7f6
Cirsium erisithales (Jacq.) Scop.,Cirsium,Cirsium,https://bs.plantnet.org/image/o/5468b4bbe8cfbd920b5b1368ea780c021e7c5173
Cirsium ferox (L.) DC.,Cirsium,Lophiolepis,https://bs.plantnet.org/image/o/99feeeccf5045ce16c2261f7eb33f19f43faf63e
Cirsium filipendulum Lange,Cirsium,Cirsium,https://bs.plantnet.org/image/o/32646497e1f60497502cbe0eaa7b25c1a5804cd2
Cirsium glabrum DC.,Cirsium,Cirsium,https://bs.plantnet.org/image/o/f822e2ce71c5c88e02fe91ea5a499143f3c1597b
Cirsium heterophyllum (L.) Hill,Cirsium,Cirsium,https://bs.plantnet.org/image/o/5766c495185aa4b0ab1e3be8cf3805873fa9e8ce
Cirsium morisianum Rchb.f.,,,
Cirsium oleraceum (L.) Scop.,Cirsium,Cirsium,https://bs.plantnet.org/image/o/7a26d0e7184a80f10d5758a6f9ffcc09d3b0cb8a
Cirsium rivulare (Jacq.) All.,Cirsium,Cirsium,https://bs.plantnet.org/image/o/8024242306911bdce9df65f42dd4cbb2294ff4d3
Cirsium tuberosum (L.) All.,Cirsium,Cirsium,https://bs.plantnet.org/image/o/cd30fc3922b5ee9c4de45e2095247facf4eb346d
Collomia grandiflora Douglas ex Lindl.,,,
Cucurbita maxima Duchesne,Cucurbita,Cucurbita,https://bs.plantnet.org/image/o/7b46149a36d75c4a24a8db4e0c3b179a1718b390
Cymbalaria aequitriloba (Viv.) A.Chev.,Cymbalaria,Cymbalaria,https://bs.plantnet.org/image/o/c8a09283a8e9b60bace8f471d2c44bd5b16f2ea6
Cymbalaria hepaticifolia (Poir.) Wettst.,Cymbalaria,Cymbalaria,https://bs.plantnet.org/image/o/bd80b6e4860e5ccb2012446ab6f77ac4285b766f
Cytinus hypocistis (L.) L.,Cytinus,Cytinus,https://bs.plantnet.org/image/o/0b143e0a47c1713bec3e0b227cb86dcdd5f2c3fb
Cytinus ruber Fritsch,,,
Daphne alpina L.,Daphne,Daphne,https://bs.plantnet.org/image/o/16c8c9498fb1e5d73b2fbbded89812a5056ec199
Daphne cneorum L.,Daphne,Daphne,https://bs.plantnet.org/image/o/37cd0219d85f7960d604d1117cd73943a0301394
Daphne mezereum L.,Daphne,Daphne,https://bs.plantnet.org/image/o/b5e5878be1e8396f1c176f80e635bb277867a0d8
Daphne striata Tratt.,Daphne,Daphne,https://bs.plantnet.org/image/o/b935265291b3b61f16b36a357ab412b37ffb574e
Dorotheanthus bellidiformis (Burm.f.) N.E.Br.,,,
Dryas octopetala L.,Dryas,Dryas,https://bs.plantnet.org/image/o/b24cda2c88472d6866be36185695f9abdaf651de
Dryopteris carthusiana (Vill.) H.P.Fuchs,Dryopteris,Dryopteris,https://bs.plantnet.org/image/o/5c9ddb3424d4745bd65baa59efdc7dc0bcdf9e3a
Dryopteris cristata (L.) A.Gray,Dryopteris,Dryopteris,https://bs.plantnet.org/image/o/02d2d15a7844377472c6d463e1cb69252dfa2a69
Dryopteris dilatata (Hoffm.) A.Gray,Dryopteris,Dryopteris,https://bs.plantnet.org/image/o/47c8bdbcee9fc15ccd8427143e64e11493e4b27f
Dryopteris expansa (C.Presl) Fraser-Jenk. & Jermy,Dryopteris,Dryopteris,https://bs.plantnet.org/image/o/bb3ff3f1250a1e9438e9ae982307c3709e299525
Dryopteris villarii (Bellardi) Woyn. ex Schinz & Thell.,Dryopteris,Dryopteris,https://bs.plantnet.org/image/o/ab45dd6deb7b740922beb2766ddde8e707c83437
Empetrum nigrum L.,Empetrum,Empetrum,https://bs.plantnet.org/image/o/156db9306f98fcafab1d41f67bf9bac68da31084
Epipactis atrorubens (Hoffm.) Besser,Epipactis,Epipactis,https://bs.plantnet.org/image/o/03e4ca0649ff1a0cac1f699c54e70a0fe794f8de
Epipactis leptochila (Godfery) Godfery,Epipactis,Epipactis,https://bs.plantnet.org/image/o/b521e35ad6d1136a5d652dfc2ea4ec95641b0550
Epipactis microphylla (Ehrh.) Sw.,Epipactis,Epipactis,https://bs.plantnet.org/image/o/51a646f694b2e9ac59ecf4fbe1afeacd3e91d671
Epipactis muelleri Godfery,Epipactis,Epipactis,https://bs.plantnet.org/image/o/0668c4d60658d637121b670984996dda66cb2ff4
Epipactis palustris (L.) Crantz,Epipactis,Epipactis,https://bs.plantnet.org/image/o/17f0f643e3e2cda9a8afefd1b3b03c5e935c9984
Epipactis phyllanthes G.E.Sm.,Epipactis,Epipactis,https://bs.plantnet.org/image/o/6ce111bb344235ce29f865b4bb8843c2322d8113
Epipactis purpurata Sm.,Epipactis,Epipactis,https://bs.plantnet.org/image/o/fe1bb206b129cfbc9e68d8a07fd360a412c557c5
Erucastrum gallicum (Willd.) O.E.Schulz,Erucastrum,Erucastrum,https://bs.plantnet.org/image/o/340ce5efac83a3335f3132208974f12f2f614df1
Erucastrum incanum (L.) W.D.J.Koch,,,
Erucastrum nasturtiifolium (Poir.) O.E.Schulz,Erucastrum,Erucastrum,https://bs.plantnet.org/image/o/136dabe8b5ed5710475bc16b35ff8570952a6579
Fedia graciliflora Fisch. & C.A.Mey.,,,
Fragaria moschata Weston,,,
Freesia x hybrida L.H.Bailey,,,
Galega orientalis Lam.,Galega,Galega,https://bs.plantnet.org/image/o/2f2cb3c146fe19e403ab91a4479d0c6f80cb2d54
Alliaria petiolata (M.Bieb.) Cavara & Grande,Alliaria,Alliaria,https://bs.plantnet.org/image/o/c65af1a519792210a62f28f0a1f1879e407e6758
Geropogon hybridus (L.) Sch.Bip.,Geropogon,Geropogon,https://bs.plantnet.org/image/o/bcd0180df90ec9e0398846e4f48244538162fa19
Gomphocarpus fruticosus (L.) R.Br.,Gomphocarpus,Gomphocarpus,https://bs.plantnet.org/image/o/8f4e3b4fe3665ef03973f8460a8e74424389cdc3
Gomphocarpus physocarpus E.Mey.,Gomphocarpus,Gomphocarpus,https://bs.plantnet.org/image/o/44aecdcb3567851b8cdcad2c810bf8e175109074
Guizotia abyssinica (L.f.) Cass.,,,
Hebe andersonii (Lindl. & Paxton) Cockayne,,,
Hebe brachysiphon Summerh.,,,
Hebe ochracea Ashwin,,,
Hebe salicifolia (G.Forst.) Pennell,,,
Helicodiceros muscivorus (L.f.) Engl.,Helicodiceros,Helicodiceros,https://bs.plantnet.org/image/o/be49cf6a8c95281a05c15e2eb2b91a9fc5f0fc2a
Hippophae rhamnoides L.,Hippophae,Hippophae,https://bs.plantnet.org/image/o/d009142b48be39ad26b1e28c15a653e795070a60
Hypericum calycinum L.,Hypericum,Hypericum,https://bs.plantnet.org/image/o/8b62b5d584f7ee3376d5283d06cc227dc69b9814
Hypericum coris L.,Hypericum,Hypericum,https://bs.plantnet.org/image/o/0cbd0889f7259e1cd1a22b1a2cce22448791953d
Hypericum elodes L.,Hypericum,Hypericum,https://bs.plantnet.org/image/o/3c643af33fe09a3683b4cd07ea6fd514de4e691f
Hypericum x inodorum Mill.,,,
Hypericum maculatum Crantz,Hypericum,Hypericum,https://bs.plantnet.org/image/o/78b897158407ca1388a739e41339e6d2fcdf0607
Hypericum nummularium L.,Hypericum,Hypericum,https://bs.plantnet.org/image/o/0563237790a8ffbbeb3761e58df3208b57903fc8
Hypericum pulchrum L.,Hypericum,Hypericum,https://bs.plantnet.org/image/o/11450a1135d6902a02cd69a41f52c734db9ae95f
Hypericum richeri Vill.,Hypericum,Hypericum,https://bs.plantnet.org/image/o/84fc9e3fb0848710112c304b46e1bd2e8addfcae
Dierama pulcherrimum (Hook.f.) Baker,,,
Iva xanthiifolia Nutt.,,,
Kniphofia uvaria (L.) Hook.,,,
Lactuca alpina (L.) Benth. & Hook.f.,,,
Lactuca macrophylla (Willd.) A.Gray,,,
Lactuca viminea (L.) J.Presl & C.Presl,Lactuca,Lactuca,https://bs.plantnet.org/image/o/4899348520a0f06b4aa897a3641e2e43efe7800a
Lamium album L.,Lamium,Lamium,https://bs.plantnet.org/image/o/053c8bd9d17313ff9fa7395cbe6dea751555c6f9
Lamium maculatum (L.) L.,Lamium,Lamium,https://bs.plantnet.org/image/o/33cac3cae1b240b08815470c1c2865d17693b7a1
Lathraea clandestina L.,Lathraea,Lathraea,https://bs.plantnet.org/image/o/5c12eee76f1c97a465bf2b4eeeddcadf308e3efe
Lathraea squamaria L.,Lathraea,Lathraea,https://bs.plantnet.org/image/o/caf14636864a180887a704e3deb7cbac74cf6ce1
Lavandula x intermedia Emeric ex Loisel.,,,
Lavandula latifolia Medik.,Lavandula,Lavandula,https://bs.plantnet.org/image/o/87d548fb354769b9577b6428b339ddc59d2cd737
Limnanthes douglasii R.Br.,Limnanthes,Limnanthes,https://bs.plantnet.org/image/o/635a171165c4b30d00a7a35afd88c68c9accaca1
Liriodendron tulipifera L.,Liriodendron,Liriodendron,https://bs.plantnet.org/image/o/3a005906f1323415124c94c1f44a735470c0e6e5
Lupinus arboreus Sims,Lupinus,Lupinus,https://bs.plantnet.org/image/o/891c444428839a425341b07033a1ae4e58fba8fa
Lupinus x regalis Bergmans,,,
Maianthemum bifolium (L.) F.W.Schmidt,Maianthemum,Maianthemum,https://bs.plantnet.org/image/o/69976f61bceed38ea3c652a9b66ae9ce16c1d744
Melilotus altissimus Thuill.,Melilotus,Melilotus,https://bs.plantnet.org/image/o/77a021df42326ecbf2f846262ff8e734234ab057
Melilotus officinalis (L.) Lam.,Melilotus,Melilotus,https://bs.plantnet.org/image/o/f480c2ba6b5f01bdd71be9caf82479e05fecaa8a
Melilotus spicatus (Sm.) Breistr.,,,
Mercurialis ambigua L.f.,,,
Mercurialis tomentosa L.,Mercurialis,Mercurialis,https://bs.plantnet.org/image/o/baa33d78c0b29ffd4c6665704c25a24b9f9e9b9f
Moehringia ciliata (Scop.) Dalla Torre,Moehringia,Moehringia,https://bs.plantnet.org/image/o/3875538f2c47fbec62ec4a8bdf2d4f7b830a409a
Moehringia muscosa L.,Moehringia,Moehringia,https://bs.plantnet.org/image/o/4443668ce95313ea1c8bd92bdf997cdf1a3690c0
Moehringia pentandra J.Gay,,,
Narthecium ossifragum (L.) Huds.,Narthecium,Narthecium,https://bs.plantnet.org/image/o/713b1ff97f01e28b90b6acfce56a8d7d59441a44
Neotinea lactea (Poir.) R.M.Bateman,,,
Neotinea ustulata (L.) R.M.Bateman,,,
Noccaea caerulescens (J.Presl & C.Presl) F.K.Mey.,Noccaea,Noccaea,https://bs.plantnet.org/image/o/eee81e110b939229945215b0fb11155f3a5a6021
Noccaea montana (L.) F.K.Mey.,Noccaea,Noccaea,https://bs.plantnet.org/image/o/af6b6a6ed7ee1b53414ec4e30f7a7e8ccb0e7473
Noccaea rotundifolia (L.) Moench,Noccaea,Noccaea,https://bs.plantnet.org/image/o/833f5105b660175a37896aca4ac23d7dd3f20c78
Nymphaea candida C.Presl,Nymphaea,Nymphaea,https://bs.plantnet.org/image/o/3e5f1bc33a444c858ee16de376df317f003b75f0
Nymphoides peltata (S.G.Gmel.) Kuntze,Nymphoides,Nymphoides,https://bs.plantnet.org/image/o/ab55f94c7bc38685dd3dbf7b54314f92560420b5
Ophrys arachnitiformis Gren. & M.Philippe,,,
Ophrys aranifera Huds.,,,
Ophrys aveyronensis (J.J.Wood) P.Delforge,,,
Ophrys aymoninii (Breistr.) Buttler,,,
Ophrys bertolonii Moretti,Ophrys,Ophrys,https://bs.plantnet.org/image/o/e6ac788eb091bb5dc6a375e81693d55eed6fb84f
Ophrys catalaunica O.Danesch & E.Danesch,,,
Ophrys exaltata Ten.,,,
Ophrys fuciflora (F.W.Schmidt) Moench,Ophrys,Ophrys,https://bs.plantnet.org/image/o/1d2784f3fdadf0f2387a4a6da517f7c892dc417f
Ophrys incubacea Bianca,,,
Ophrys lupercalis Devillers & Devillers-Tersch.,,,
Ophrys morisii (Martelli) Soó,,,
Ophrys passionis Sennen,,,
Ophrys provincialis (Baumann & Künkele) Paulus,,,
Ophrys saratoi E.G.Camus,,,
Ophrys sulcata Devillers & Devillers-Tersch.,,,
Oreopteris limbosperma (Bellardi ex All.) Holub,,,
Anemone x hybrida Paxton,,,
Anemone alpina L.,,,
Pancratium illyricum L.,Pancratium,Pancratium,https://bs.plantnet.org/image/o/1a3ac48c47744e0265a0bf1f8dda5c031d317d7f
Anemone apennina L.,,,
Anemone baldensis L.,,,
Papaver alpinum L.,Papaver,Papaver,https://bs.plantnet.org/image/o/5905f741e670d36c6bd1d0e8a65b42ad3e76efad
Papaver croceum Ledeb.,Papaver,Papaver,https://bs.plantnet.org/image/o/e588115c2d4c295a1138a03f87103bba60e6f8b3
Papaver orientale L.,Papaver,Papaver,https://bs.plantnet.org/image/o/31081673070e97335923d06ee1546aed58995919
Papaver pseudoorientale (Fedde) Medw.,,,
Papaver rhaeticum Leresche,,,
Anemone halleri All.,,,
Anemone hepatica L.,,,
Pelargonium x hybridum (L.) Aiton,,,
Pelargonium inquinans (L.) Aiton,,,
Pelargonium peltatum (L.) Aiton,,,
Anemone montana Hoppe,,,
Anemone nemorosa L.,,,
Anemone pulsatilla L.,,,
Anemone rubra Lam.,,,
Phedimus stellatus (L.) Raf.,Phedimus,Phedimus,https://bs.plantnet.org/image/o/d956d9c74739a6b423f9c03600097844c9fe2cc2
Anemone sylvestris L.,,,
Anemone trifolia L.,,,
Anemone vernalis L.,,,
Angelica heterocarpa J.Lloyd,,,
Angelica razulii Gouan,Angelica,Angelica,https://bs.plantnet.org/image/o/e0dce5361a9b10fe74e692ca1c070192d4d4048d
Angelica sylvestris L.,Angelica,Angelica,https://bs.plantnet.org/image/o/e5b7b18649737c7a9cf7e293282ec3696523fc11
Pleurospermum austriacum (L.) Hoffm.,Pleurospermum,Pleurospermum,https://bs.plantnet.org/image/o/2145ac7849af27c4901303e6fe82b34e7117536e
Sasa palmata (Burb.) Camus,,,
Anthericum ramosum L.,Anthericum,Anthericum,https://bs.plantnet.org/image/o/edaa8e93e7e4e84d74168e7815e5c1a44e1f27fa
Pyracantha coccinea M.Roem.,Pyracantha,Pyracantha,https://bs.plantnet.org/image/o/df8ef672e345590824cc84d9fcc4f3e88574a28c
Pyracantha rogersiana (A.B.Jacks.) Coltm.-Rog.,,,
Holodiscus discolor (Pursh) Maxim.,Holodiscus,Holodiscus,https://bs.plantnet.org/image/o/af6b912df5ab58303eda2d469e5a6ca7ca995bb3
Sagittaria graminea Michx.,Sagittaria,Sagittaria,https://bs.plantnet.org/image/o/50c2c0fb09deddb48b7f917a8470f9d0f1888263
Sagittaria latifolia Willd.,Sagittaria,Sagittaria,https://bs.plantnet.org/image/o/1f402f6590c7f80b7b5e060af81e82fda4165728
Sagittaria sagittifolia L.,Sagittaria,Sagittaria,https://bs.plantnet.org/image/o/ae10ca3a9b5ad627ff1d1fa030a513a89550eddc
Diascia rigescens E.Mey. ex Benth.,,,
Diascia vigilis Hilliard & Burtt,,,
Sedum sarmentosum Bunge,Sedum,Sedum,https://bs.plantnet.org/image/o/279ce8a3ed69c9377fb1f0cb8a4f2f66ff9fb233
Sedum alpestre Vill.,Sedum,Sedum,https://bs.plantnet.org/image/o/26e95794982bbfe6189c5a2d1027bb9e926d39bf
Sedum annuum L.,Sedum,Sedum,https://bs.plantnet.org/image/o/7ce97d362fec755abba3bfcd7694206a1a5ff22a
Sedum kamtschaticum Fisch. & C.A.Mey.,,,
Sedum mexicanum Britton,Sedum,Sedum,https://bs.plantnet.org/image/o/b9f8b2b6d10cd681a56046fe309d507fc0e43c26
Sedum ochroleucum Chaix,,,
Sedum sexangulare L.,Sedum,Sedum,https://bs.plantnet.org/image/o/a21b08d4991fbaebf05243dc28fa5d5d11ebe65d
Metasequoia glyptostroboides Hu & W.C.Cheng,,,
Telekia speciosa (Schreb.) Baumg.,Telekia,Telekia,https://bs.plantnet.org/image/o/1818bb84a598dcb32f7ba416d24226284e9d3b1e
Thesium alpinum L.,Thesium,Thesium,https://bs.plantnet.org/image/o/ee28959678a0f1234e74aa63ec4e16fd3216a6ad
Thesium linophyllon L.,Thesium,Thesium,https://bs.plantnet.org/image/o/25c4e3ea89a7a40d50cd65c099bbae5048696fa0
Tradescantia x andersoniana F.Ludw. & Rohweder,,,
Tradescantia virginiana L.,Tradescantia,Tradescantia,https://bs.plantnet.org/image/o/787b55945cafe22019f103f1ab24f42eb47d863e
Trifolium alpestre L.,Trifolium,Trifolium,https://bs.plantnet.org/image/o/83a936be2d18af57f06042843cdaceeaf408ef50
Trifolium alpinum L.,Trifolium,Trifolium,https://bs.plantnet.org/image/o/29a3bb28e2ae8982a8d5dc3878476bc48f35f163
Trifolium pallescens Schreb.,Trifolium,Trifolium,https://bs.plantnet.org/image/o/5484b2bd89140ec065ee0ba906f60c47dbeda6f9
Trifolium spadiceum L.,Trifolium,Trifolium,https://bs.plantnet.org/image/o/56837bd5dc1dc99a00fab899f596b87687628320
Trifolium thalii Vill.,Trifolium,Trifolium,https://bs.plantnet.org/image/o/a966e6071591c1458959400c3875794cf0998af3
Viscaria alpina (L.) G.Don,Viscaria,Viscaria,https://bs.plantnet.org/image/o/6ec28d9086dcde53b667d6df9cfbf39da3b3d041
Viscaria vulgaris Bernh.,Viscaria,Viscaria,https://bs.plantnet.org/image/o/147a3a2b34703631241d7a581a0881c709e3315d
Anemone hupehensis (Lemoine) Lemoine,,,
Anemone vitifolia Buch.-Ham. ex DC.,,,
Adenostyles alpina (L.) Bluff & Fingerh.,Adenostyles,Adenostyles,https://bs.plantnet.org/image/o/b6734fbf8450c4ddbaa2fbe2624e4b9d1363467f
Alcea biennis Winterl,Alcea,Alcea,https://bs.plantnet.org/image/o/d86444559e09d372af2413d3203ad41dd0e637ee
Anemone narcissiflora L.,,,
Anemone ranunculoides L.,,,
Angelica archangelica L.,Angelica,Angelica,https://bs.plantnet.org/image/o/5cf83506b7956a9fa0e02c769c0288ae00cb5187
Chaerophyllum bulbosum L.,Chaerophyllum,Chaerophyllum,https://bs.plantnet.org/image/o/22b2d6d0f043cbc0543a902c258e5ffd2bfcb522
Cirsium acaulon (L.) Scop.,,,
Cirsium spinosissimum (L.) Scop.,Cirsium,Cirsium,https://bs.plantnet.org/image/o/3eed44e96430fd656d0d8a812695967a196f1ebc
Cymbalaria muralis P.Gaertn.,,,
Eritrichium nanum (L.) Schrad. ex Gaudin,,,
Fragaria viridis Weston,,,
Honckenya peploides (L.) Ehrh.,Honckenya,Honckenya,https://bs.plantnet.org/image/o/d8e499632f473514c1bfc091c6555556099ba7fb
Hypericum hyssopifolium Chaix,Hypericum,Hypericum,https://bs.plantnet.org/image/o/c3c62247cf18358045e2de9940e2409d8c9a7502
Hypericum mutilum L.,Hypericum,Hypericum,https://bs.plantnet.org/image/o/4c593a3e2d474afdf9e843c35dc32ec4db4d9961
Lactuca perennis L.,Lactuca,Lactuca,https://bs.plantnet.org/image/o/7846eb9b1c71d8171686de305e433232ac24ec66
Sedum atratum L.,Sedum,Sedum,https://bs.plantnet.org/image/o/b6d6529ff34a83becbc6a18e4f3592467ea54cf5
Thesium pyrenaicum Pourr.,Thesium,Thesium,https://bs.plantnet.org/image/o/01df02067c7ac41102177443089defd7905e1d37
Trifolium medium L.,Trifolium,Trifolium,https://bs.plantnet.org/image/o/ddf0684490c679dac96739ea6c531cb114ad77e5
Trinia glauca (L.) Dumort.,Trinia,Trinia,https://bs.plantnet.org/image/o/40d7f14b98a111fee3a4860ca396c4452cef2cf7
Sedum montanum Perrier & Songeon,,,
Trifolium badium Schreb.,Trifolium,Trifolium,https://bs.plantnet.org/image/o/c07b69776fc99b6662cff6e5446d4b5a97c593c6
Freesia refracta (Jacq.) Eckl. ex Klatt,,,
Freesia alba (G.L.Mey.) Grumbleton,,,
Cobaea scandens Cav.,Cobaea,Cobaea,https://bs.plantnet.org/image/o/89bc051aaed8ee918a0bb7e0856046e43b349835
Fragaria virginiana Duchesne,,,
Anemone pratensis L.,,,
Sagittaria lancifolia L.,Sagittaria,Sagittaria,https://bs.plantnet.org/image/o/bd5a8e465ed00464348013c8f803298600859c6a
Neotinea tridentata (Scop.) R.M.Bateman,,,
Adenostyles alliariae (Gouan) A.Kern.,Adenostyles,Adenostyles,https://bs.plantnet.org/image/o/4a09c415958e8ed2845ed142ac481930cfc91602
Ophrys pseudoscolopax (Moggr.) Paulus & Gack,,,
Sedum palmeri S.Watson,Sedum,Sedum,https://bs.plantnet.org/image/o/b7f119dbc45a5ae9c6e2028dd0bd8011d081f142
Hypericum olympicum L.,Hypericum,Hypericum,https://bs.plantnet.org/image/o/27253080ac715affae20bdfc49620c5376a747bf
Tradescantia zebrina Bosse,Tradescantia,Tradescantia,https://bs.plantnet.org/image/o/26c872988c0d606b785a937b768afcaebb448732
Dryopteris erythrosora (Eaton) Kuntze,,,
Adenostyles leucophylla (Willd.) Rchb.,Adenostyles,Adenostyles,https://bs.plantnet.org/image/o/2c0fcd8c8c509de812fccaa2c806431e6dd3f5e8
Calycanthus floridus L.,Calycanthus,Calycanthus,https://bs.plantnet.org/image/o/127af15435e9bb75c205935af66519d450c421c8
Phyllanthus niruri L.,Phyllanthus,Phyllanthus,https://bs.plantnet.org/image/o/b6fa3220a6f00ea833e1a0f0196a5b09d819d68f
Ophrys araneola sensu auct.plur.,,,
Anemone blanda Schott & Kotschy,,,
Aralia elata (Miq.) Seem.,Aralia,Aralia,https://bs.plantnet.org/image/o/424dde834fa16b1e56d72fd616e831a107ed28bd
Ophrys virescens Philippe,,,
Clethra alnifolia L.,Clethra,Clethra,https://bs.plantnet.org/image/o/f5293673ad43927b6e9838259cae4e23119e957e
Corispermum pallasii Steven,Corispermum,Corispermum,https://bs.plantnet.org/image/o/f8e1a0eca6d1bd9faff9c8638ec015235bd94f60
Hypericum patulum Thunb.,Hypericum,Hypericum,https://bs.plantnet.org/image/o/5fe42be7542b1dab828b0224f0da6dea0ae4465c
Hypericum x hidcoteense Hilling ex Geerinck,,,
Lupinus nootkatensis Donn ex Sims,Lupinus,Lupinus,https://bs.plantnet.org/image/o/8cd12a6c3c9ebb91f7a809942c1635dfea5c3341
Smilax rotundifolia L.,Smilax,Smilax,https://bs.plantnet.org/image/o/3e8c12a79450eb0a106a2bede810ac43f043e398
Perovskia atriplicifolia Benth.,,,
Nothofagus antarctica (G.Forst.) Oerst.,Nothofagus,Nothofagus,https://bs.plantnet.org/image/o/edce671755e4be7e91b01a1dc2a5b66078eb8508
Iva annua L.,Iva,Iva,https://bs.plantnet.org/image/o/302fbaf4aa039c23a7e7e1cd67cfd1cf7802c555
Dryopteris fragrans (L.) Schott,,,
Neotinea conica (Willd.) R.M.Bateman,,,
Tetraclinis articulata (Vahl) Mast.,Tetraclinis,Tetraclinis,https://bs.plantnet.org/image/o/8b654d022c37735e982cecb275f1aaf9cce8e162
Alcea setosa (Boiss.) Alef.,Alcea,Alcea,https://bs.plantnet.org/image/o/fbd6c9350d8a51ab356fbe836d60e8f2fb99a738
Chaerophyllum aromaticum L.,Chaerophyllum,Chaerophyllum,https://bs.plantnet.org/image/o/565322614481c3092ce52239a62725f1992be393
Cucurbita moschata Duchesne,Cucurbita,Cucurbita,https://bs.plantnet.org/image/o/9049dbd0e6d13d986e2a4b44a42bbd98a7bfd3c1
Daphne sericea Vahl,Daphne,Daphne,https://bs.plantnet.org/image/o/a6e45a9a08394afe52bf04689cf9144c9294b132
Lamium orvala L.,Lamium,Lamium,https://bs.plantnet.org/image/o/fe0b3f7796a50b2a37842a4d22679374ece97daf
Paederota bonarota (L.) L.,,,
Rhodothamnus chamaecistus (L.) Rchb.,Rhodothamnus,Rhodothamnus,https://bs.plantnet.org/image/o/5210f11057f0ff1f2d68ecc750f50e570cb02162
Ophrys lunulata Parl.,,,
Schefflera actinophylla Harms,,,
Astydamia latifolia Baill.,,,
Lavandula pinnata Moench,,,
Angelica atropurpurea L.,Angelica,Angelica,https://bs.plantnet.org/image/o/eee082a4cd13451f06a9d27dfd613e86bff4f591
Acacia pravissima F.Muell.,,,
Adonis pyrenaica DC.,Adonis,Adonis,https://bs.plantnet.org/image/o/ea82b6194955af0e6475267360ac9e80cfccaf7a
Adonis vernalis L.,Adonis,Adonis,https://bs.plantnet.org/image/o/907e9290699be7bb492ab34aca896e03889c3a50
Barbarea rupicola Moris,Barbarea,Barbarea,https://bs.plantnet.org/image/o/c710ca9588502c9e9a3c47e62fe074ebcb82f177
Barbarea vulgaris R.Br.,Barbarea,Barbarea,https://bs.plantnet.org/image/o/2caf5fede8bdcfe9e3875c7a6186d2bd30e55573
Acacia baileyana F.Muell.,Acacia,Acacia,https://bs.plantnet.org/image/o/e864314fcee3d2a42502c5509dc340331bb39175
Bellium bellidioides L.,Bellium,Bellium,https://bs.plantnet.org/image/o/7a7b08306e3ada9d118cc62b7174b2acde72a273
Bocoa prouacensis Aubl.,Bocoa,Bocoa,https://bs.plantnet.org/image/o/22ae05bdbc28c5ad2acf1d57a5bccacc6aefb43f
Nephrolepis biserrata (Sw.) Schott,Nephrolepis,Nephrolepis,https://bs.plantnet.org/image/o/30ead888754f12d4c5938eebec18dd645147717b
Vanilla pompona Schiede,Vanilla,Vanilla,https://bs.plantnet.org/image/o/051e477f708b1bd87ae7bdb5e1f8eac27bf2abdf
Guatteria anteridifera Scharf & Maas,,,
Caraipa densifolia Mart.,,,
Caraipa punctulata Ducke,,,
Vismia cayennensis (Jacq.) Pers.,Vismia,Vismia,https://bs.plantnet.org/image/o/fd36add8c2c4be5a746d26bf1670507d426677e6
Vismia macrophylla Kunth,Vismia,Vismia,https://bs.plantnet.org/image/o/1358450896c89b496b1e2dfd24e3ffac7a11dadb
Vismia sessilifolia (Aubl.) Choisy,,,
Dryopteris wallichiana (Spreng.) Hyl.,Dryopteris,Dryopteris,https://bs.plantnet.org/image/o/778146affa0d7df7485b400e4331c5707ad6d436
Xylopia frutescens Aubl.,Xylopia,Xylopia,https://bs.plantnet.org/image/o/9f55d41f031bc3324c2c56d46d1760a82e9b50a9
Xylopia nitida Dunal,,,
Xylopia sericea A.St.-Hil.,,,
Phyllanthus urinaria L.,Phyllanthus,Phyllanthus,https://bs.plantnet.org/image/o/0bb00c94f3e6c55d777112aa02c239413d7869c1
Pogonophora schomburgkiana Miers ex Benth.,,,
Sagotia racemosa Baill.,Sagotia,Sagotia,https://bs.plantnet.org/image/o/7ddf036b4ae1070ae4b850226556ce4cde012eb4
Bonafousia undulata (Vahl) A.DC.,,,
Guarea gomma Pulle,,,
Nymphoides indica (L.) Kuntze,Nymphoides,Nymphoides,https://bs.plantnet.org/image/o/17aa7a2931bcb30bcbe5925b3c0cfb95b5755147
Anthurium hookeri Kunth,,,
Anthurium jenmanii Engl.,,,
Anthurium scandens (Aubl.) Engl.,Anthurium,Anthurium,https://bs.plantnet.org/image/o/4de9973ec4afd5bf87d15fa50813c49b452b965a
Dracontium polyphyllum L.,Dracontium,Dracontium,https://bs.plantnet.org/image/o/b2f1922a0201fabe2d2f600cc3f310761b8f4245
Crotalaria retusa L.,Crotalaria,Crotalaria,https://bs.plantnet.org/image/o/6a7721210a280068ec407aee6b8f4342ad57e515
Peperomia magnoliifolia (Jacq.) A.Dietr.,Peperomia,Peperomia,https://bs.plantnet.org/image/o/286b1dedbcd3f2dc5f771b9853502b5fa6cd4da8
Peperomia obtusifolia (L.) A.Dietr.,Peperomia,Peperomia,https://bs.plantnet.org/image/o/f2a00707d4449de4b969bdb264c1035fb90577d4
Peperomia quadrangularis (J.V.Thomps.) A.Dietr.,,,
Peperomia rotundifolia (L.) Kunth,Peperomia,Peperomia,https://bs.plantnet.org/image/o/36087d4c4e9214280c1a45b50805c4c162aa4556
Peperomia serpens (Sw.) Loudon,,,
Declieuxia fruticosa (Willd. ex Roem. & Schult.) Kuntze,,,
Mauritia flexuosa L.f.,Mauritia,Mauritia,https://bs.plantnet.org/image/o/ed3c8f90b9a85d727581c2ac8220b2d0f66ff11f
Urera baccifera (L.) Gaudich. ex Wedd.,Urera,Urera,https://bs.plantnet.org/image/o/f8eb18f8d2be7b8d578a32ed088bd12d21396ad2
Pereskia bleo (Kunth) DC.,,,
Cereus hexagonus (L.) Mill.,Cereus,Cereus,https://bs.plantnet.org/image/o/164f93027a4fed8120d3b25f1a75ac8076896c0e
Xylopia crinita R.E.Fr.,,,
Vanilla planifolia Jacks.,,,
Aciotis rubricaulis (Mart. ex DC.) Triana,,,
Guatteria amplifolia Triana & Planch.,Guatteria,Guatteria,https://bs.plantnet.org/image/o/e67f1a31c8e0502f2906e66f68f30b5924514362
Luffa cylindrica (L.) M.Roem.,,,
Cryptostegia madagascariensis Bojer ex Decne.,Cryptostegia,Cryptostegia,https://bs.plantnet.org/image/o/f1d239a2b2bc4320b7a4aaa8a76d11ec8174549b
Schefflera decaphylla (Seem.) Harms,,,
Aphelandra scabra (Vahl) Sm.,Aphelandra,Aphelandra,https://bs.plantnet.org/image/o/34d6b8bdef341250d1bc7b9439cec887097dedf1
Asystasia gangetica (L.) T.Anderson,Asystasia,Asystasia,https://bs.plantnet.org/image/o/c1f547b494e669c39bd1be4021832ec16e5dc2bd
Piriqueta cistoides (L.) Griseb.,Piriqueta,Piriqueta,https://bs.plantnet.org/image/o/1273e32a21cec6f89583de6b4fce2b82bf322b15
Acalypha wilkesiana Müll.Arg.,Acalypha,Acalypha,https://bs.plantnet.org/image/o/2305c670aaf8a1ddad4862e541458cfb9deb2c62
Breynia disticha J.R.Forst. & G.Forst.,Breynia,Breynia,https://bs.plantnet.org/image/o/3e9ef891ec7dae37d835ed3baba5dae44767d3fd
Crotalaria incana L.,Crotalaria,Crotalaria,https://bs.plantnet.org/image/o/4f454aa99490a83953d4eaefeaae8f4e474f4352
Crotalaria pallida Aiton,Crotalaria,Crotalaria,https://bs.plantnet.org/image/o/fe7efa4f1981e3ce909c826155f6a3eeefaa6ab0
Kigelia africana (Lam.) Benth.,Kigelia,Kigelia,https://bs.plantnet.org/image/o/c6bd67ab94bb9fd75b5ef75f418cc8e1d802c5e7
Guatteria citriodora Ducke,,,
Acalypha indica L.,Acalypha,Acalypha,https://bs.plantnet.org/image/o/2065610ea2e049fa8ce8f56cbfa8393e4b91e6d8
Guatteria punctata (Aubl.) R.A.Howard,,,
Anthurium crystallinum Linden & André,,,
Cryptopus elatus (Thouars) Lindl.,Cryptopus,Cryptopus,https://bs.plantnet.org/image/o/b2a366f1788d52fe7872684291e465d35162ef46
Cryptostegia grandiflora R.Br.,,,
Eranthemum pulchellum Andrews,Eranthemum,Eranthemum,https://bs.plantnet.org/image/o/0fb54441fb2cebd1c65658a973ace021bcb94c1a
Alocasia cucullata (Lour.) G.Don,Alocasia,Alocasia,https://bs.plantnet.org/image/o/7dd3d3b2036627ae22f4a2ec71b8879bb8202d5e
Alocasia longiloba Miq.,Alocasia,Alocasia,https://bs.plantnet.org/image/o/23fb4b175f242ebd4d46be548ac0c17de09120a6
Alocasia macrorrhizos (L.) G.Don,Alocasia,Alocasia,https://bs.plantnet.org/image/o/980810ed3edb6f4befe95db32da1c5d1b3323c0f
Faujasia salicifolia (Pers.) C.Jeffrey,Faujasia,Faujasia,https://bs.plantnet.org/image/o/334574a2df68f01d77a677740580bd3817409dca
Fernelia buxifolia Lam.,Fernelia,Fernelia,https://bs.plantnet.org/image/o/a68979cb8963a2fde85efed181f1e6e198917815
Fragaria x ananassa Duchesne ex Rozier,,,
Geniostoma borbonicum (Lam.) Spreng.,,,
Hernandia mascarenensis (Meisn.) Kubitzki,Hernandia,Hernandia,https://bs.plantnet.org/image/o/b68e53861da8a89f213f57a5641258f5ab946cbd
Hypericum lanceolatum Lam.,Hypericum,Hypericum,https://bs.plantnet.org/image/o/5a8fa48e6f4ab3fa75d73328147248149c2ced83
Acacia auriculiformis A.Cunn. ex Benth.,Acacia,Acacia,https://bs.plantnet.org/image/o/79af8dc10731f7c2fc82c5e6701fdca576310a7a
Leonitis nepetifolia (L.) R.Br.,,,
Mussaenda arcuata Poir.,Mussaenda,Mussaenda,https://bs.plantnet.org/image/o/f4e0651f14676defcc309a9cc53bd6d7fe9fa270
Nephrolepis abrupta (Bory) Mett.,Nephrolepis,Nephrolepis,https://bs.plantnet.org/image/o/2c8e29287b40c75ecb03a5522af1b79dceb89511
Acacia heterophylla (Lam.) Willd.,Acacia,Acacia,https://bs.plantnet.org/image/o/c4aa0f649f0dd982b528f61d8099800ae260d31a
Paederia foetida L.,Paederia,Paederia,https://bs.plantnet.org/image/o/be1cf53a6f9fffd6ff5e467e82fb9d6edadbd6b6
Pelargonium x asperum Ehrh. ex Willd.,,,
Pereskia grandifolia Haw.,,,
Antirhea borbonica J.F.Gmel.,Antirhea,Antirhea,https://bs.plantnet.org/image/o/3ce90745c62cd7f11729831d1ae71ae02dafe61b
Phyllanthus emblica L.,Phyllanthus,Phyllanthus,https://bs.plantnet.org/image/o/56b60c091cf7b2b0daae288bdcafe68ccf6389ef
Phyllanthus niruroides Müll.Arg.,,,
Phyllanthus phillyreifolius Poir.,Phyllanthus,Phyllanthus,https://bs.plantnet.org/image/o/dc3e87f4110d40d28fd8dc07f9e4c21f490e8d57
Pongamia pinnata (L.) Pierre,,,
Acacia podalyriifolia A.Cunn. ex G.Don,Acacia,Acacia,https://bs.plantnet.org/image/o/e3f14abad16b8a7b1293b67ec18eddc4a32ee56c
Schefflera actinophylla (F.Muell.) Harms,,,
Acalypha hispida Burm.f.,Acalypha,Acalypha,https://bs.plantnet.org/image/o/fd2ff14f1bb96f2e2b8a0d293a4ac4803f5a4627
Acalypha integrifolia Willd.,Acalypha,Acalypha,https://bs.plantnet.org/image/o/52c46991e8ad1db89bfa42e647f495b9f280813b
Stemodia verticillata (Mill.) Hassl.,Stemodia,Stemodia,https://bs.plantnet.org/image/o/78d19f9dbb88ebe24b45bad0fa4d646099062ba8
Stoebe passerinoides (Lam.) Willd.,,,
Strongylodon macrobotrys A.Gray,Strongylodon,Strongylodon,https://bs.plantnet.org/image/o/d3a1f399b383fc2a783e0e7db54847de66c0af45
Tradescantia pallida (Rose) D.R.Hunt,Tradescantia,Tradescantia,https://bs.plantnet.org/image/o/3836b271052437930da9112ea147a827fff73672
Trimezia martinicensis (Jacq.) Herb.,Trimezia,Trimezia,https://bs.plantnet.org/image/o/6aa6f7f5a93bccb05dd9ef8d35368e8ed4a65b81
Vangueria madagascariensis J.F.Gmel.,Vangueria,Vangueria,https://bs.plantnet.org/image/o/1cc0ca25ce5a5018e8ff209a54e9bf045608d08c
Vepris lanceolata (Lam.) G.Don,Vepris,Vepris,https://bs.plantnet.org/image/o/b1a05ee8abf18aac4d7effc04a3f2bcbb3368de7
Zaleya pentandra (L.) C.Jeffrey,Zaleya,Zaleya,https://bs.plantnet.org/image/o/6cc1023dd0ac0d7bfa12a7a3ab916065409e8ce7
Cereus repandus (L.) Mill.,Cereus,Cereus,https://bs.plantnet.org/image/o/d0209355be924b49bffaa232e3a445dbd7c3b55c
Bismarckia nobilis Hildebr. & H.Wendl.,,,
Acacia nilotica (L.) Delile,,,
Schefflera arboricola (Hayata) Merr.,Schefflera,Heptapleurum,https://bs.plantnet.org/image/o/e31c194c06063a359aa90cc360b172edaf520c2a
Fragaria chiloensis (L.) Mill.,Fragaria,Fragaria,https://bs.plantnet.org/image/o/1ffc077bec9df344dd35cf4b40403762b6bdafb9
Aphelandra squarrosa Nees,Aphelandra,Aphelandra,https://bs.plantnet.org/image/o/4e987523d139216e5d8d8d6c64562406b0052455
Gynura aurantiaca (Blume) Sch.Bip. ex DC.,,,
Pereskia aculeata Mill.,Pereskia,Pereskia,https://bs.plantnet.org/image/o/d779fa61199ee416f88ca2fbd7608509bf3e11d1
Peperomia argyreia (Miq.) E.Morren,,,
Peperomia caperata Yunck.,,,
Peperomia obtusifolia (L.) A. Dietr.,,,
Anthurium andraeanum Linden ex André,Anthurium,Anthurium,https://bs.plantnet.org/image/o/99b84e2ba07d7e58257577a83e992832d21a8f85
Anthurium scherzerianum Schott,Anthurium,Anthurium,https://bs.plantnet.org/image/o/82c55256f0a5a21c90ca9f01ff41b444c3244af2
Zamia furfuracea L.f.,,,
Dendrobium nobile Lindl.,Dendrobium,Dendrobium,https://bs.plantnet.org/image/o/9ccf835c1013dbd984c1a190d39ab0592e6993ff
Nandina domestica Thunb.,Nandina,Nandina,https://bs.plantnet.org/image/o/56605aa93dd19896cebc356895685ea008fbd083
Nymphaea nouchali Burm.f.,,,
Falcataria moluccana (Miq.) Barneby & J.W.Grimes,,,
Acacia tortuosa (L.) Willd.,,,
Bourreria succulenta Jacq.,Bourreria,Bourreria,https://bs.plantnet.org/image/o/0cfc3729a7d8186b1a5616663167186166f1da5a
Crotalaria brevidens Benth.,Crotalaria,Crotalaria,https://bs.plantnet.org/image/o/37775e6c211fd54baf1bac4cf6005f2eb1e1fb7a
Crotalaria pumila Ortega,Crotalaria,Crotalaria,https://bs.plantnet.org/image/o/051621cd25f723858559824528a8399dd5b66648
Dendrobium chrysotoxum Lindl.,Dendrobium,Dendrobium,https://bs.plantnet.org/image/o/2010c302501794c9dca1c370500f3800a6ebde35
Dendrobium crumenatum Sw.,Dendrobium,Dendrobium,https://bs.plantnet.org/image/o/3aa9ce770638b66655c5d73657afa04db57712a0
Dendrobium moschatum (Buch.-Ham.) Sw.,,,
Entada gigas (L.) Fawc. & Rendle,Entada,Entada,https://bs.plantnet.org/image/o/08c774d134d26735e3f05d7fa00d7003749559cb
Fittonia albivenis (Lindl. ex Veitch) R.K. Brummitt,,,
Illicium verum Hook.f.,,,
Lactuca floridana (L.) Gaertn.,Lactuca,Lactuca,https://bs.plantnet.org/image/o/53543db108eae001f6513e001ae36487ed83ffc6
Mussaenda pubescens Dryand.,,,
Neolamarckia cadamba (Roxb.) Bosser,Neolamarckia,Neolamarckia,https://bs.plantnet.org/image/o/3b63a7bcd37d494aea9537bbfadb8eff9d1411de
Nymphaea ampla (Salisb.) DC.,Nymphaea,Nymphaea,https://bs.plantnet.org/image/o/88e9192c724e2f3e473a46bd345aa3e3130b1166
Phyllanthus epiphyllanthus L.,Phyllanthus,Phyllanthus,https://bs.plantnet.org/image/o/005a71fc430dcac4c852a97e9ecdcb805222c041
Phyllanthus mimosoides Sw.,Phyllanthus,Phyllanthus,https://bs.plantnet.org/image/o/9d7b15eea65de9d4bdee871ed57d0b58994523cd
Pilosocereus royeni (L.) Byles & G. Rowley,,,
Selenicereus anthonyanus (Alexander) D.Hunt,,,
Selenicereus grandiflorus (L.) Britton & Rose,Selenicereus,Selenicereus,https://bs.plantnet.org/image/o/789e35cba3eee6d6c18ceb1294cee0a32b5b0919
Zamia pumila L.,,,
Acalypha aristata Kunth,,,
Chamerion latifolium (L.) Holub,,,
Cirsium discolor (Muhl. ex Willd.) Spreng.,Cirsium,Cirsium,https://bs.plantnet.org/image/o/eabcf28dfd81915a76a87d8ee657b8fc4d858143
Cirsium foliosum (Hook.) DC.,,,
Cirsium muticum Michx.,Cirsium,Cirsium,https://bs.plantnet.org/image/o/490884b91bd7aa5ce331b5138d695c88cc44d239
Cirsium undulatum (Nutt.) Spreng.,Cirsium,Cirsium,https://bs.plantnet.org/image/o/af12de45dbf90dd37afe0911af1a268f8e6d5e01
Comptonia peregrina (L.) J.M. Coult.,,,
Conoclinium coelestinum (L.) DC.,Conoclinium,Conoclinium,https://bs.plantnet.org/image/o/907bd7528ca3a9888d00aefc6463304be2e19537
Dalea purpurea Vent.,Dalea,Dalea,https://bs.plantnet.org/image/o/8540109cf9f679163eb9111824c20cb5ba577df3
Daucus pusillus Michx.,Daucus,Daucus,https://bs.plantnet.org/image/o/111876025180349d96927e4238525f3a3c3517b0
Diervilla lonicera Mill.,Diervilla,Diervilla,https://bs.plantnet.org/image/o/7c5be008071abb73259e66d6a963552121775770
Dryopteris carthusiana (Vill.) H.P. Fuchs,,,
Dryopteris cristata (L.) A. Gray,,,
Dryopteris intermedia (Muhl. ex Willd.) A. Gray,,,
Dryopteris marginalis (L.) A. Gray,,,
Duchesnea indica (Andrews) Teschem.,,,
Epipactis gigantea Douglas ex Hook.,,,
Hypericum kalmianum L.,Hypericum,Hypericum,https://bs.plantnet.org/image/o/7c66d3dd0b382a98e8229a55e05285cb56d41361
Hypericum prolificum L.,Hypericum,Hypericum,https://bs.plantnet.org/image/o/d4cee54297d9ca3a32647f68079c8ed15da9b32a
Hypericum punctatum Lam.,Hypericum,Hypericum,https://bs.plantnet.org/image/o/05715eaf93c83c5c63303842ead44f8aca0a82df
Anemone canadensis L.,,,
Iva frutescens L.,Iva,Iva,https://bs.plantnet.org/image/o/d879afab834b7c186ca2a268954615506d3a48dd
Anemone multifida Poir.,Anemone,Anemone,https://bs.plantnet.org/image/o/b56681e15e57b5ce23c37c6d98dac89811693970
Anemone virginiana L.,Anemone,Anemone,https://bs.plantnet.org/image/o/ac8d5e5a0976983107bbd0bdf2c39278f218cc5e
Lactuca biennis (Moench) Fernald,Lactuca,Lactuca,https://bs.plantnet.org/image/o/a91ccf65766518cefdb3453720d9ce8a3310aea1
Lactuca canadensis L.,Lactuca,Lactuca,https://bs.plantnet.org/image/o/37090be79223817e9142b196b27b213eae876930
Lamium maculatum L.,,,
Leersia virginica Willd.,Leersia,Leersia,https://bs.plantnet.org/image/o/cde39372f50c55bfeed27b12b47c18bed48b72d7
Angelica lucida L.,Angelica,Angelica,https://bs.plantnet.org/image/o/e4f17e2e73de0208d20e08cb37d753b672ee0d14
Lupinus argenteus Pursh,Lupinus,Lupinus,https://bs.plantnet.org/image/o/f2b1454dc31846afbb083cb6ca1f588b62a947de
Lupinus bicolor Lindl.,Lupinus,Lupinus,https://bs.plantnet.org/image/o/1da71b89e7e05d79d716de1734bee47dcfb5015e
Maianthemum canadense Desf.,Maianthemum,Maianthemum,https://bs.plantnet.org/image/o/290c91956e338d620566186da905cdb1530f417f
Maianthemum racemosum (L.) Link,Maianthemum,Maianthemum,https://bs.plantnet.org/image/o/e1c28779cade92a1518aca667302462bf0ff6277
Maianthemum stellatum (L.) Link,Maianthemum,Maianthemum,https://bs.plantnet.org/image/o/f98cd5645c0c573f094c785ae633d5e8c41f27d1
Maianthemum trifolium (L.) Sloboda,Maianthemum,Maianthemum,https://bs.plantnet.org/image/o/c045da289053dd60129e71bf8ce6acbb517fa233
Mertensia maritima (L.) Gray,Mertensia,Mertensia,https://bs.plantnet.org/image/o/16578156549a7cd6a5c4eba9ae3d51884c1e7f3d
Mertensia paniculata (Aiton) G. Don,,,
Mertensia virginica (L.) Pers. ex Link,Mertensia,Mertensia,https://bs.plantnet.org/image/o/4fec9e34bb157c0d35e072e525890018a5d99992
Mitella diphylla L.,Mitella,Mitella,https://bs.plantnet.org/image/o/6f6f58a8dcf1e53acbdf34a5ca57bce1b58a15d0
Moehringia lateriflora (L.) Fenzl,Moehringia,Moehringia,https://bs.plantnet.org/image/o/0570f0b47c12b6cf9857099761435855f7853bf5
Nymphaea mexicana Zucc.,Nymphaea,Nymphaea,https://bs.plantnet.org/image/o/0e54c408681b33dd745b9f67686d2f083638df68
Nymphaea odorata Aiton,,,
Nymphaea tetragona Georgi,Nymphaea,Nymphaea,https://bs.plantnet.org/image/o/ce585b3a1a0c3ebc17f66a2e6715a53b20040516
Osmunda cinnamomea L.,,,
Osmunda claytoniana L.,,,
Papaver nudicaule L.,Papaver,Papaver,https://bs.plantnet.org/image/o/e64f6d561fff023a4b9271db2b57a8b96c2f3f63
Aralia hispida Vent.,Aralia,Aralia,https://bs.plantnet.org/image/o/13d4efb8b9931961bd5cb71417c3133141bbb9f5
Aralia nudicaulis L.,Aralia,Aralia,https://bs.plantnet.org/image/o/325f753f462bbd2b087076c2cc597b38a665532b
Aralia racemosa L.,Aralia,Aralia,https://bs.plantnet.org/image/o/fa033b658afc5a777deb540cabfc60122a5b2035
Pyracantha coccinea M. Roem.,,,
Sedum divergens S. Watson,,,
Sedum lanceolatum Torr.,Sedum,Sedum,https://bs.plantnet.org/image/o/1fd7aba9bd073b117ed5b84f116855cdc992b3b4
Sedum oreganum Nutt.,Sedum,Sedum,https://bs.plantnet.org/image/o/832a6c37e4087e35462fc370ed21993b29ccce70
Sedum spathulifolium Hook.,Sedum,Sedum,https://bs.plantnet.org/image/o/e2a210a1d9d0e5729208d19073fe794641cf3fae
Sedum ternatum Michx.,Sedum,Sedum,https://bs.plantnet.org/image/o/f45b2a3b8bbf17aa63e876db0fd887e2824bbd00
Smilax herbacea L.,Smilax,Smilax,https://bs.plantnet.org/image/o/81ac2477c0e491d276d51035f687c03d3cd40f74
Smilax tamnoides L.,Smilax,Smilax,https://bs.plantnet.org/image/o/c122ba5dfea40faff0a8abc0f685f3a35522d515
Tradescantia occidentalis (Britton) Smyth,Tradescantia,Tradescantia,https://bs.plantnet.org/image/o/6f7473754a767bdf85b591bb49175e3067d4d475
Tradescantia ohiensis Raf.,Tradescantia,Tradescantia,https://bs.plantnet.org/image/o/213d53d7173e66597e211081b810ebc5b1fdefbc
Balsamorhiza sagittata (Pursh) Nutt.,,,
Barbarea orthoceras Ledeb.,Barbarea,Barbarea,https://bs.plantnet.org/image/o/d8a34f55c53c11d6ae774f910be79aa1326878fd
Barbarea vulgaris W.T. Aiton,,,
Calochortus macrocarpus Douglas,Calochortus,Calochortus,https://bs.plantnet.org/image/o/6eeb20453f8f7ec07b97ca700ea3284fafbf0d93
Entada phaseoloides (L.) Merr.,Entada,Entada,https://bs.plantnet.org/image/o/871054739f17ef1c5b2d094efae9e0ef1cb1f415
Cerbera manghas L.,Cerbera,Cerbera,https://bs.plantnet.org/image/o/6ecd387ab5142d6b0d452e00ffad91824181a601
Hernandia cordigera Vieill.,Hernandia,Hernandia,https://bs.plantnet.org/image/o/a7be730da87003964dd40f435a2967fc956b7ad8
Acacia simplex (Sparman) Pedley,,,
Dubouzetia confusa Guillaumin & Virot,Dubouzetia,Dubouzetia,https://bs.plantnet.org/image/o/79377b72f79a1d89755f0f67822aed8fb516d832
Dubouzetia campanulata Pancher ex Brongn. & Gris,,,
Acacia spirorbis Labill.,Acacia,Acacia,https://bs.plantnet.org/image/o/aabdcdbbef6c86626b19db6b6ffed98611eab2b3
Atractocarpus platyxylon (Vieill. ex Pancher & Sebert) Guillaumin,,,
Nepenthes vieillardii Hook. f.,,,
Dendrobium closterium Rchb.f.,Dendrobium,Dendrobium,https://bs.plantnet.org/image/o/463b3c839521471c74470a298e0532712f2321eb
Dracophyllum verticillatum Labill.,Dracophyllum,Dracophyllum,https://bs.plantnet.org/image/o/c786f56b617f293f64b64ab567166a902cc0b5fe
Schefflera spp.,,,
Tagetes lucida Cav.,Tagetes,Tagetes,https://bs.plantnet.org/image/o/1a2c74cf5ae79baeab57df3ddf1f02eb421b349b
Anisocampium niponicum (Mett.) Y.C.Liu,,,
Mertensia ciliata (James ex Torr.) G. Don,,,
Lithops fulviceps N.E.Br.,,,
Lithops karasmontana N.E.Br.,,,
Lithops marmorata N.E.Br.,,,
Lithops pseudotruncatella N.E.Br.,,,
Fittonia albivenis (Lindl. ex Veitch) Brummitt,Fittonia,Fittonia,https://bs.plantnet.org/image/o/1252fbdb49d38953a9371c2dcb5061121b141383
Lithops spp.,,,
Cereus hildmannianus K.Schum.,Cereus,Cereus,https://bs.plantnet.org/image/o/aba2e03049466a0ee5d1014588c854c1c5c00a1f
Neobuxbaumia polylopha (DC.) Backeb.,,,
Calycanthus occidentalis Hook. & Arn.,Calycanthus,Calycanthus,https://bs.plantnet.org/image/o/591e93403ae4262d95f2960fc1c5135bebf2ff6f
Tradescantia subaspera Ker Gawl.,Tradescantia,Tradescantia,https://bs.plantnet.org/image/o/f78b0c0fc070dafb9c56683426ba99d0fac3e218
Sedum kamtschaticum Fisch.,,,
Sedum lineare Thunb.,Sedum,Sedum,https://bs.plantnet.org/image/o/83465aa1acbcad371cc55b1208598417cb50ff5d
Sedum morganianum E.Walther,,,
Cucurbita foetidissima Kunth,Cucurbita,Cucurbita,https://bs.plantnet.org/image/o/40b46214217e11168f44ed3d914214033ff09dc0
Eucryphia cordifolia Cav.,Eucryphia,Eucryphia,https://bs.plantnet.org/image/o/4432ec7f943961a55fc83d92dfdae6ae6258ae65
Dryopteris cycadina (Franch. & Sav.) C. Chr.,,,
Dryopteris erythrosora (D.C. Eaton) Kuntze,,,
Dryopteris sieboldii (T. Moore) Kuntze,,,
Rumohra adiantiformis (G. Forst.) Ching,,,
Oxydendrum arboreum (L.) DC.,Oxydendrum,Oxydendrum,https://bs.plantnet.org/image/o/b644c99b2da24e00459c632075ea31caf7c6ad3f
Lupinus albifrons Benth.,Lupinus,Lupinus,https://bs.plantnet.org/image/o/b1e1ce773e6a5e422f4f28d2343433a8c89dd349
Lycoris radiata (L'Hér.) Herb.,Lycoris,Lycoris,https://bs.plantnet.org/image/o/9f873c7eca118e1aabf9b9dc4dca1aace8594afe
Garrya elliptica Douglas ex Lindl.,Garrya,Garrya,https://bs.plantnet.org/image/o/09630e35bbb4ab8cb206648b5ff96fda2fe4f443
Lycoris squamigera Maxim.,,,
Pelargonium crispum (P.J. Bergius) L'Hér.,,,
Pelargonium x hortorum L.H. Bailey,,,
Loropetalum chinense (R. Br.) Oliv.,,,
Hypericum frondosum Michx.,Hypericum,Hypericum,https://bs.plantnet.org/image/o/2844bc66e686631edc325fe63320f5bc6f8b6ec5
Liriope muscari (Decne.) L.H.Bailey,Liriope,Liriope,https://bs.plantnet.org/image/o/b434891d9003e9f336fc5952b6f841c02b20367b
Limnanthes douglasii R. Br.,,,
Nothofagus alpina (Poepp. & Endl.) Oerst.,Nothofagus,Nothofagus,https://bs.plantnet.org/image/o/adf19820ff0b3a172fb43264c30b166aef28b494
Nothofagus pumilio (Poepp. & Endl.) Krasser,Nothofagus,Nothofagus,https://bs.plantnet.org/image/o/7fdba635b163f21e6d73f159432743082f17177e
Abeliophyllum distichum Nakai,,,
Dendrobium aphyllum (Roxb.) C.E.C.Fisch.,Dendrobium,Dendrobium,https://bs.plantnet.org/image/o/80ef5a2e7fb1d8e0366deaf92827bde9765aaff4
Dendrobium spp.,,,
Vanilla planifolia Jacks. ex Andrews,,,
Heteromorpha arborescens (Spreng.) Cham. & Schltdl.,,,
Lapageria rosea Ruiz & Pav.,Lapageria,Lapageria,https://bs.plantnet.org/image/o/a0e3cfa65f6eda6aad6c45a32d8ef8573c657227
Peperomia argyreia (Hook.f.) E.Morren,,,
Peperomia dolabriformis Kunth,,,
Hebe franciscana (Eastw.) Souster,,,
Maurandya barclayana Lindl.,,,
Sasa palmata (Burb.) E.G.Camus,Sasa,Sasa,https://bs.plantnet.org/image/o/42421994b9e0ad593c26892da87f1f9916e73917
Anemone patens L.,,,
Fragaria virginiana Mill.,Fragaria,Fragaria,https://bs.plantnet.org/image/o/ab35e0a5c0d32f88533d269679787af41cb34a4c
Fragaria x ananassa (Duchesne ex Weston) Duchesne ex Rozier,,,
Mussaenda philippica A.Rich.,Mussaenda,Mussaenda,https://bs.plantnet.org/image/o/d23c1ecffbf2cd2644f69bca8b05d31e59c921c9
Limonia acidissima Groff,Limonia,Murraya,https://bs.plantnet.org/image/o/d00ce526a982bd0b2230b8d3b72c74f0d7110a84
Illicium floridanum J. Ellis,,,
Browallia speciosa Hook.,Browallia,Browallia,https://bs.plantnet.org/image/o/bb3c67eea8597123f9da4067afe0ae9dc39a86d9
Alocasia cuprea K.Koch,,,
Alocasia micholitziana Sander,,,
Alocasia odora (Lindl.) K.Koch,,,
Daphne odora Thunb.,,,
Alocasia sanderiana W.Bull,,,
Daphne tangutica Maxim.,,,
Kniphofia uvaria (L.) Oken,Kniphofia,Kniphofia,https://bs.plantnet.org/image/o/97e538eacfd20f3398a83bc30ba592c53fd875bf
Zamia furfuracea L.f. ex Aiton,Zamia,Zamia,https://bs.plantnet.org/image/o/7442eee36d0d47d506ac2a659b73cb75483f677e
Guaiacum sanctum L.,Guaiacum,Guaiacum,https://bs.plantnet.org/image/o/e8774395cc1892d214c2e05c249761680461d87b
Nepenthes spp.,,,
Pelargonium spp.,,,
Pancratium maritimum L. L.,,,
Sedum palmeri S. Watson,,,
Aphelandra sinclairiana Nees,,,
Alocasia macrorrhizos (L.) G. Don,,,
Acacia confusa Merr.,,,
Acacia koaia Hillebr.,Acacia,Acacia,https://bs.plantnet.org/image/o/6e55ecbf8e39303b02a794ea4e9cd125150f833f
Nephrolepis falcata (Cav.) C. Chr.,,,
Tradescantia zebrina hort. ex Bosse,,,
Calodendrum capense (L.f.) Thunb.,,,
Pelargonium grandiflorum Willd.,,,
Hypericum revolutum Vahl,Hypericum,Hypericum,https://bs.plantnet.org/image/o/9a2012f67b0020005b926bd9e50d69b36181060e
Schkuhria pinnata (Lam.) Kuntze ex Thell.,Schkuhria,Schkuhria,https://bs.plantnet.org/image/o/3172f9045ba6ac30899e2dbf6df48e634c4e73ea
Maytenus boaria Molina,Maytenus,Maytenus,https://bs.plantnet.org/image/o/c9359eb32ed1dfca053e630e528bd60704676559
Melampodium perfoliatum (Cav.) Kunth,Melampodium,Melampodium,https://bs.plantnet.org/image/o/5946eac354711abe1b644a4f6813c4d8044b5f2d
Hernandia nymphaeifolia (J.Presl) Kubitzki,,,
Mazus pumilus (Burm.f.) Steenis,,,
Melampodium divaricatum (Rich.) DC.,Melampodium,Melampodium,https://bs.plantnet.org/image/o/f45084ec6b67f092e5bfb20877885f2d93a90c0e
Breynia vitis-idaea (Burm.f.) C.E.C.Fisch.,Breynia,Breynia,https://bs.plantnet.org/image/o/cb134e4d1ced30274cbfc8a7aee7de37aac835bb
Prosopis farcta (Banks & Sol.) J.F.Macbr.,Prosopis,Prosopis,https://bs.plantnet.org/image/o/f158010dfd9a295312f614d3488c6bae2d467bb7
Acacia farnesiana Willd.,,,
Freycinetia cumingiana Gaudich.,,,
Crotalaria laburnifolia L.,Crotalaria,Crotalaria,https://bs.plantnet.org/image/o/ba4b1752c90a6125c2bc939faf84caf822f1e0b9
Dalbergia sissoo DC.,,,
Dischidia nummularia R.Br.,Dischidia,Dischidia,https://bs.plantnet.org/image/o/db2794847df554a1864cc921152b82e1d24b91d6
Schefflera heptaphylla (L.) Frodin,Schefflera,Heptapleurum,https://bs.plantnet.org/image/o/55a43f6990b7b0d92b239e2c381437d695cb3c13
Schinopsis balansae Engl.,,,
Smilax china L.,Smilax,Smilax,https://bs.plantnet.org/image/o/27012f625afc31a045ed876a6348848c8fc4e286
Barringtonia acutangula (L.) Gaertn.,Barringtonia,Barringtonia,https://bs.plantnet.org/image/o/c146196f707a6e9044b52a9da4ad4a3f1c0cafdc
Maerua triphylla A. Rich.,,,
Asystasia mysorensis (Roth) T.Anderson,,,
Lactuca virosa Habl.,,,
Calendula arvensis M.Bieb.,,,
Herbertia lahue (Molina) Goldblatt,Herbertia,Herbertia,https://bs.plantnet.org/image/o/18d2cfd346652a3ecbafb77737ce0097e1669fc2
Hypericum hypericoides (L.) Crantz,Hypericum,Hypericum,https://bs.plantnet.org/image/o/0553e54c65accefe7e12abd08dccccc321d466a2
Hypericum tetrapetalum Lam.,Hypericum,Hypericum,https://bs.plantnet.org/image/o/b3b727a68c7372af16ed36a31761855c800b3dff
Keckiella cordifolia (Benth.) Straw,Keckiella,Keckiella,https://bs.plantnet.org/image/o/d8a5a8e852dbe9cfaac4cbc0a4075d60779cf410
Liriope muscari (Decne.) L.H. Bailey,,,
Lupinus chamissonis Eschsch.,Lupinus,Lupinus,https://bs.plantnet.org/image/o/592e300bee639468cbd6c5106bef3e13482c6552
Lupinus diffusus Nutt.,Lupinus,Lupinus,https://bs.plantnet.org/image/o/9b270e1657d08bf4bfc637efe483a38205b5f4bd
Lupinus formosus Greene,Lupinus,Lupinus,https://bs.plantnet.org/image/o/dea57ce286d6a09e3c4dc54cc1456079bad1a843
Lupinus hirsutissimus Benth.,Lupinus,Lupinus,https://bs.plantnet.org/image/o/b6bcbfbc9020b8256341a2060f76fb310b6a49e1
Lupinus subcarnosus Hook.,Lupinus,Lupinus,https://bs.plantnet.org/image/o/7e794e03ae3cda284acc71087521e60035b3f906
Lupinus texensis Hook.,Lupinus,Lupinus,https://bs.plantnet.org/image/o/9cdc1a4f975b940078455bce819b7eabc6c2a435
Lyonothamnus floribundus A. Gray,,,
Mazus pumilus (Burm. f.) Steenis,,,
Melampodium leucanthum Torr. & A. Gray,,,
Metasequoia glyptostroboides Hu & W.C. Cheng,,,
Aralia californica S. Watson,,,
Nyctaginia capitata Choisy,Nyctaginia,Nyctaginia,https://bs.plantnet.org/image/o/53ca850c466fc53962684485540d759416863351
Aralia spinosa L.,Aralia,Aralia,https://bs.plantnet.org/image/o/c298c3451bf47c669f73816c69d4730a4e327f6d
Pelargonium panduriforme Eckl. & Zeyh.,,,
Pelargonium zonale (L.) L'Hér. ex Aiton,Pelargonium,Pelargonium,https://bs.plantnet.org/image/o/fe6b590b763e42a4535a0d378f8f62495b69dbce
Prosopis glandulosa Torr.,Prosopis,Prosopis,https://bs.plantnet.org/image/o/9d687283c9275796f4b158efdca367a3c056d3cc
Prosopis pubescens Benth.,,,
Sagittaria montevidensis Cham. & Schltdl.,Sagittaria,Sagittaria,https://bs.plantnet.org/image/o/972ad092d67c03808f343ad716571ddb9962b278
Sedum albomarginatum R.T. Clausen,,,
Sedum glaucophyllum R.T. Clausen,,,
Sedum laxum (Britton) A. Berger,,,
Sedum moranense Kunth,,,
Sedum niveum Davidson,,,
Sedum obtusatum A. Gray,,,
Sedum pulchellum Michx.,Sedum,Sedum,https://bs.plantnet.org/image/o/1c422a28f4d0375df92c78d82102eb327f46bcdc
Smilax bona-nox L.,Smilax,Smilax,https://bs.plantnet.org/image/o/bc44f93b8d73e973ba3c338bf3c1db6538377f6f
Smilax glauca Walter,Smilax,Smilax,https://bs.plantnet.org/image/o/28389f9ce3806111b392f9a9846d7c51256fcdfa
Smilax laurifolia L.,Smilax,Smilax,https://bs.plantnet.org/image/o/0debc699099ddb7d59a40c103199d40f3a0a02d4
Stanleya pinnata (Pursh) Britton,Stanleya,Stanleya,https://bs.plantnet.org/image/o/bf1a4e6ff2f2ba370fa6f5a1245d8723f0508244
Tagetes lemmonii A. Gray,,,
Tradescantia crassifolia Cav.,Tradescantia,Tradescantia,https://bs.plantnet.org/image/o/ec69f4cc41afe971d4c3a3d7e9d103f6e46632cb
Xylococcus bicolor Nutt.,Xylococcus,Arctostaphylos,https://bs.plantnet.org/image/o/79226ce7f4fe8f08f4cd1fec02b2835901346bc8
Brodiaea elegans Hoover,Brodiaea,Brodiaea,https://bs.plantnet.org/image/o/9f90c126d96c68d889113e1bacd35cfe7c98005a
Calochortus eurycarpus S. Watson,,,
Calochortus gunnisonii S. Watson,,,
Calochortus leichtlinii Hook. f.,,,
Calochortus luteus Douglas ex Lindl.,,,
Calochortus splendens Douglas ex Benth.,Calochortus,Calochortus,https://bs.plantnet.org/image/o/43aae334e367427573365c338eac3e13d1abb8ae
Calochortus tolmiei Hook. & Arn.,Calochortus,Calochortus,https://bs.plantnet.org/image/o/5be296341daa2757215f54bbcd02491fc18260a9
Calylophus hartwegii (Benth.) P.H. Raven,,,
Chaerophyllum tainturieri Hook.,,,
Cirsium altissimum (L.) Hill,,,
Cirsium horridulum Michx.,Cirsium,Cirsium,https://bs.plantnet.org/image/o/841fe0d9e7d8db4bcb3e2f6659867f31113c39cb
Cirsium texanum Buckley,Cirsium,Cirsium,https://bs.plantnet.org/image/o/37cbeef9054572faad26881c87e430d647d062dd
Diervilla sessilifolia Buckley,Diervilla,Diervilla,https://bs.plantnet.org/image/o/fe9a2d1e3ebbcc6021a7460e9155e9069867914b
Acacia berlandieri Benth.,,,
Elephantopus elatus Bertol.,Elephantopus,Elephantopus,https://bs.plantnet.org/image/o/605668dbbe4f147f9c691e230cae5938eb02ee18
Alocasia cucullata (Lour.) G. Don,,,
Acacia redolens Maslin,,,
Acacia rigidula Benth.,,,
Hackelia velutina (Piper) I.M. Johnst.,,,
Haplophyton crooksii (L.D. Benson) L.D. Benson,,,
Aextoxicon punctatum Ruiz & Pav.,Aextoxicon,Aextoxicon,https://bs.plantnet.org/image/o/9087feb48cfcf7b286be895394bdee78106c18bf
Lithops aucampiae L. Bolus,,,
Lithops olivacea L. Bolus,,,
Cyrtanthus elatus (Jacq.) Traub,,,
Guatteria aeruginosa Standl.,,,
Dischidia ovata Benth.,,,
Trachelospermum asiaticum (Siebold & Zucc.) Nakai,Trachelospermum,Trachelospermum,https://bs.plantnet.org/image/o/463c233f79e236f8bbf8bc0672374f70ca3d43ce
Alocasia baginda Kurniawan & P.C.Boyce,,,
Alocasia lauterbachiana (Engl.) A.Hay,Alocasia,Alocasia,https://bs.plantnet.org/image/o/db890c753e60ab17e706e8cd9ee3e398b77bf035
Alocasia reginula A.Hay,,,
Alocasia wentii Engl. & K.Krause,,,
Alocasia zebrina Schott ex Van Houtte,,,
Anthurium clarinervium Matuda,,,
Anthurium faustomirandae Pérez-Farr. & Croat,,,
Anthurium salvinii Hemsl.,Anthurium,Anthurium,https://bs.plantnet.org/image/o/e6c9857d96b6a837c02f507f3b1b5f669d756e0f
Anthurium schlechtendalii Kunth,Anthurium,Anthurium,https://bs.plantnet.org/image/o/3d93f5c74f23e562a5ae68c862781d3ea4ed6cf2
Anthurium veitchii Mast.,Anthurium,Anthurium,https://bs.plantnet.org/image/o/3b2bcccf2d140624e443486638144235a574b95e
Anthurium warocqueanum T.Moore,Anthurium,Anthurium,https://bs.plantnet.org/image/o/0c65f46847505b8ff309cf183d06c55fe4320d84
Wodyetia bifurcata A.K.Irvine,Wodyetia,Wodyetia,https://bs.plantnet.org/image/o/c7bde6f84ce04bfaad4a72115f66dba3d0122ba2
Cereus forbesii C.F.Först.,Cereus,Cereus,https://bs.plantnet.org/image/o/cf53f112e3986ed61d0c8a39f8ae769291044ca9
Cereus uruguayanus R. Kiesling,,,
Coryphantha elephantidens (Lem.) Lem.,Coryphantha,Coryphantha,https://bs.plantnet.org/image/o/190583db4d29039cc3bf06b71b854ab5b1171abb
Pilosocereus chrysostele (Vaupel) Byles & G.D.Rowley,Pilosocereus,Pilosocereus,https://bs.plantnet.org/image/o/377aeaedffd33a11362f4c7b38f1dba0ee14e777
Pilosocereus pachycladus F. Ritter,,,
Selenicereus anthonyanus (Alexander) D.R. Hunt,,,
Stenocactus multicostatus (Hildm.) A. Berger ex A.W. Hill,,,
Tephrocactus geometricus (A. Cast.) Backeb.,,,
Pterocephalus perennis Coult.,,,
Maytenus ilicifolia Mart. ex Reissek,Maytenus,Monteverdia,https://bs.plantnet.org/image/o/4bda830ec5bd3ce0efe6c69c7bea0dbe7c8c4091
Cyanotis somaliensis C.B.Clarke,,,
Tradescantia × andersoniana W.Ludw. & Rohweder,,,
Tradescantia sillamontana Matuda,Tradescantia,Tradescantia,https://bs.plantnet.org/image/o/cbef0349eea9eec47032f3f48a931f23348c71c7
Cirsium palustre (L.) Coss. ex Scop.,,,
Erechtites minima (Poir.) DC.,,,
Lactuca alpina (L.) A.Gray,,,
Leptinella potentillina F.Muell.,,,
Leucophyta brownii Cass.,Leucophyta,Calocephalus,https://bs.plantnet.org/image/o/d4196b1042fc65d8e5605919e85ebb95b14c8620
Melampodium divaricatum (Rich. ex Rich.) DC.,,,
Othonna capensis L.H.Bailey,,,
Rhodanthe chlorocephala (Turcz.) Paul G.Wilson,,,
Tagetes lemmonii A.Gray,,,
Tagetes lunulata Ortega,Tagetes,Tagetes,https://bs.plantnet.org/image/o/387e6b41dfdbb83246bb2541b92d00ce16d6df41
Sedum adolphii Raym.-Hamet,,,
Sedum allantoides Rose,,,
Sedum burrito Moran,,,
Sedum clavatum R.T. Clausen,,,
Sedum compressum Rose,,,
Sedum cyaneum J. Rudolph,,,
Sedum decumbens R.T. Clausen,,,
Sedum furfuraceum Moran,,,
Sedum hernandezii J. Meyrán,,,
Sedum japonicum Siebold ex Miq.,,,
Sedum makinoi Maxim.,Sedum,Sedum,https://bs.plantnet.org/image/o/98b27a7b9411b8226005dcde023b8343dde99dbe
Sedum nussbaumerianum Bitter,,,
Sedum praealtum A.DC.,Sedum,Sedum,https://bs.plantnet.org/image/o/52c92b94975da6d854a6231c554a1c9cf6a99be4
Sedum rubrotinctum R.T. Clausen,,,
Uncinia rubra Colenso ex Boott,,,
Empetrum rubrum Vahl ex Willd.,Empetrum,Empetrum,https://bs.plantnet.org/image/o/e6dec6a86f03dbf3c07611ba3b75b10d3ac46482
Acalypha macrostachya Jacq.,Acalypha,Acalypha,https://bs.plantnet.org/image/o/6cd17d1e9eb1f7c9f60e867675071d08ff7287fe
Pelargonium echinatum Curtis,,,
Pelargonium × hortorum L.H. Bailey,,,
Pelargonium sidoides DC.,,,
Pelargonium tomentosum Jacq.,Pelargonium,Pelargonium,https://bs.plantnet.org/image/o/bf4c9501fb9f23fb7605ddfc8950ab01dcff6b7e
Lavandula canariensis (L.) Mill.,,,
Acacia auriculiformis Benth.,,,
Acacia brevispica Harms,,,
Acacia caven (Molina) Molina,,,
Acacia cognata Domin,Acacia,Acacia,https://bs.plantnet.org/image/o/44e69055efef9ba70d881b1eeacdf7118d106c71
Acacia confluens Maiden & Blakeley,,,
Acacia podalyriifolia G.Don,,,
Acacia saligna (Labill.) Wendl.,,,
Dalbergia retusa Hemsl.,Dalbergia,Dalbergia,https://bs.plantnet.org/image/o/9fb734e0f54fbb8f4bcc6635bbed36c8be05b44b
Lupinus nootkatensis Sims,,,
Prosopis pallida (Willd.) Kunth,,,
Cedrela fissilis Vell.,Cedrela,Cedrela,https://bs.plantnet.org/image/o/fb2a2b52f22b0723bc088a13e5d0d9f475b6bd3f
Nepenthes mirabilis (Lour.) Druce,Nepenthes,Nepenthes,https://bs.plantnet.org/image/o/c30ebef8ce5c4b4f1c4ca8a08c86d63a411aea7a
Nepenthes × neglecta Macfarl.,,,
Nothofagus betuloides (Mirb.) Oerst.,,,
Nothofagus dombeyi (Mirb.) Oerst.,Nothofagus,Nothofagus,https://bs.plantnet.org/image/o/0a07e7be620fd0348f0aba15c4530f080a3fc2a3
Nothofagus nitida (Phil.) Krasser,,,
Nymphaea rubra Roxb. ex Andrews,,,
Dendrobium anosmum Lindl.,Dendrobium,Dendrobium,https://bs.plantnet.org/image/o/de8a8c855d92970a8baac7ece6fcd800c81d2d2b
Dendrobium kingianum Bidwill ex Lindl.,Dendrobium,Dendrobium,https://bs.plantnet.org/image/o/ff6618950a1245b36a8adc44a34176de744d64c6
Dendrobium munificum (Finet) Schltr.,,,
Dendrobium thyrsiflorum B.S.Williams,,,
Dendrobium victoriae-reginae Loher,Dendrobium,Dendrobium,https://bs.plantnet.org/image/o/a6ca3e72f511cce9498c53b39a9972d17a43eba3
Erycina pusilla (L.) N.H.Williams & M.W.Chase,,,
Adlumia fungosa (Aiton) Britton,,,
Peperomia albovittata C. DC.,,,
Peperomia clusiifolia (Jacq.) Hook.,,,
Peperomia columella Rauh & Hutchison,,,
Peperomia ferreyrae Yunck.,,,
Peperomia graveolens Rauh & Barthlott,,,
Peperomia maculosa (L.) Hook.,Peperomia,Peperomia,https://bs.plantnet.org/image/o/e0ca84cc0ef70066aedfa49573c390a8c6bff03c
Peperomia pecuniifolia Trel. & Standl.,,,
Peperomia polybotrya Kunth,,,
Peperomia prostrata B.S. Williams,,,
Peperomia tetragona Ruiz & Pav.,,,
Peperomia verticillata (L.) A.Dietr.,,,
Hebe andersonii (Lindl. & J. Paxton) Cockayne,,,
Lomatia ferruginea R. Br.,,,
Anemone pavoniana Boiss.,,,
Anemone tomentosa (Maxim.) C.Pei,,,
Hepatica nobilis Mill.,,,
Fragaria × ananassa (Duchesne ex Weston) Duchesne ex Rozier,,,
Margaritopsis haematocarpa (Standl.) C.M.Taylor,,,
Angostura granulosa (Kallunki) Kallunki,,,
Smilax excelsa L.,Smilax,Smilax,https://bs.plantnet.org/image/o/66ef133a3b749424b6782e5afc6f74d0b1d00bb5
Coussapoa villosa Poepp. & Endl.,Coussapoa,Coussapoa,https://bs.plantnet.org/image/o/234be916e4758f561cc4b6cab42b93d20d73cdc9
Cyphostemma cyphopetalum (Fresen.) Desc. ex Wild & R.B.Drumm.,Cyphostemma,Cyphostemma,https://bs.plantnet.org/image/o/0f7515e1fc22f23799ebc70c807644cf2053eb52
Cyphostemma juttae (Dinter & Gilg) Desc.,,,
Cyphostemma serpens (Hochst. ex A.Rich.) Desc.,,,
Nepenthes alata Blanco,,,
Nepenthes truncata Macfarl.,,,
Lavandula spp.,,,
Cymbalaria muralis P.Gaertn.,,,
Aphelandra aurantiaca Lindl.,,,
Guatteria dolichopoda Donn. Sm.,,,
Stenanona costaricensis R.E. Fr.,,,
Schefflera morototoni (Aubl.) Maguire,,,
Bourreria andrieuxii (DC.) Hemsl.,,,
Bourreria costaricensis (Standl.) A.H. Gentry,,,
Alibertia edulis (Rich.) A. Rich.,,,
Acacia senegalensis (Houtt.) Roberty,,,
